CMANAME,date,count,mean,median,max,min,stdDev
Montreal,2024-06-01T17:37:50,460,2.7439539211071575E-5,1.595373191953538E-4,0.0011763701913873347,-9.637155938693966E-4,5.259858403665066E-4
Ottawa,2024-06-01T17:37:50,3039,-4.1037445776468954E-5,-8.154414729501705E-5,0.0011783562625706857,-9.481912129561352E-4,4.660830515628932E-4
Winnipeg,2024-06-01T17:37:50,110,-1.9334218171288708E-4,-7.627997583703977E-7,8.795634012736476E-4,-9.116450091833036E-4,4.0295670068879783E-4
Montreal,2024-06-02T17:18:49,430,-5.0517120677167035E-6,-3.812833355876286E-5,0.0018016152316722377,-8.550385828135825E-4,6.252976736273158E-4
Ottawa,2024-06-02T17:18:49,53,4.0217411867648405E-4,8.840704059095389E-4,9.322091832399226E-4,-6.111562252048879E-4,6.975732638561196E-4
Winnipeg,2024-06-02T17:18:49,94,0.0012057088228407925,0.0011615345191570222,0.0027580970421038327,-9.053039503915132E-4,7.1547937335776E-4
Calgary,2024-06-02T19:00:18,3,-3.1762293085806294E-5,-3.0506259741405358E-5,-3.0506257336307603E-5,-3.639392077832096E-5,2.7754705965743646E-6
Montreal,2024-06-03T16:59:47,411,1.2925055094510852E-4,1.8246570039148744E-4,0.0014783269389200993,-7.727058837195582E-4,4.064252827124454E-4
Ottawa,2024-06-03T16:59:47,3470,2.7466708141922933E-5,-3.5355255295248906E-5,0.0014916250947877754,-9.753989288590104E-4,5.236164303933081E-4
Winnipeg,2024-06-03T18:41:17,766,-1.0462714283877877E-4,-1.1727943326205658E-4,0.0012371256016203325,-8.508398896089085E-4,4.298984296235081E-4
Halifax,2024-06-04T16:40:46,648,4.5843998133617895E-6,9.016871979719467E-6,9.125203941954985E-4,-8.189544314526747E-4,4.223774154596073E-4
Ottawa,2024-06-04T16:40:46,1052,1.1049957187496889E-4,1.901320046194882E-4,0.0011424936819816765,-8.437276701448698E-4,4.319485954110279E-4
Calgary,2024-06-04T18:22:14,1099,7.901550190227359E-4,6.822550145635291E-4,0.002785607288720731,-4.5050788321477253E-4,9.326091715926126E-4
Calgary,2024-06-04T20:03:44,808,-1.715895811636187E-4,-1.4870562909781264E-4,9.712831233645554E-4,-9.012730442935039E-4,3.678585977135574E-4
Vancouver,2024-06-04T20:03:44,170,-9.429822848715491E-5,-1.794737471492081E-4,6.869956851013023E-4,-4.208496445949371E-4,2.8406421169292425E-4
Halifax,2024-06-05T16:21:44,725,-9.234566620982474E-5,-4.194927227473996E-5,8.534354210818805E-4,-8.949848706840171E-4,3.910903151769033E-4
Ottawa,2024-06-05T16:21:44,3398,8.825884903219791E-5,3.7424997683732666E-5,0.0013538872590297827,-8.735145092947826E-4,5.515973887389958E-4
Montreal,2024-06-05T18:03:14,75,-2.2569530266741933E-4,-2.3494384081157557E-4,7.769746589471094E-4,-4.957156488675306E-4,3.5002688287240016E-4
Calgary,2024-06-05T19:44:44,1187,-8.518193075021754E-5,-1.1460962481845392E-4,0.001165205147119471,-9.129389994649543E-4,3.7992386748898375E-4
Vancouver,2024-06-05T19:44:44,9,-7.458598792856677E-5,-4.710894074811501E-5,-4.710893911072917E-5,-1.6809473839738323E-4,3.870861618050964E-5
Halifax,2024-06-06T16:02:43,346,2.917867257419368E-4,2.559686179581436E-4,0.0015893431190633868,-5.539374540584766E-4,5.21875491493465E-4
Toronto,2024-06-06T17:44:14,41,4.444202244765669E-4,2.0710090947229616E-4,0.0011649214429788849,-1.2794816770314194E-4,5.784119551361382E-4
Calgary,2024-06-06T19:25:44,1250,2.7255460801316113E-4,2.543615579191662E-4,0.0019732867367601107,-9.885765612136143E-4,6.784640042608436E-4
Vancouver,2024-06-06T19:25:44,194,5.802721221963994E-4,7.832137358927915E-4,0.0024270396679683445,-3.7687784793174925E-4,8.69136299347117E-4
Vancouver,2024-06-06T21:07:13,16,-6.81699216426301E-4,-9.05516411112213E-4,6.689001359529044E-4,-9.069442749039742E-4,4.4242063834975143E-4
Montreal,2024-06-07T17:25:15,242,-1.3034787103096408E-4,-3.717245919247017E-5,9.025860344997293E-4,-7.498575723735183E-4,4.060842891624737E-4
Ottawa,2024-06-07T17:25:15,247,1.9643423231967554E-4,1.0830934264780364E-4,7.599309901712098E-4,-2.826349880018778E-4,3.0907367975791823E-4
Winnipeg,2024-06-07T17:25:15,257,8.184675025481356E-4,3.885271153508046E-4,0.0028457655024977727,1.87025932331652E-5,8.976147096720758E-4
Calgary,2024-06-07T19:06:45,1216,2.695074413162563E-4,2.2102587838697082E-4,0.0013945425162105772,-9.042070596495134E-4,4.814823157098759E-4
Vancouver,2024-06-07T19:06:45,158,0.002855895091944042,0.0033357307462358898,0.0037495291326262404,-4.774329047849803E-4,0.0010761043274272936
Winnipeg,2024-06-07T19:06:45,93,-2.729667248352177E-4,-9.084749869757722E-5,3.392420865099914E-4,-9.706274140635882E-4,3.009152992837543E-4
Calgary,2024-06-07T20:48:14,130,8.59291744820614E-4,5.630705085548552E-4,0.0024152847472621707,-2.3428704298609143E-4,0.0010037591101982651
Vancouver,2024-06-07T20:48:14,170,-2.847601627580944E-5,7.180774991867537E-5,0.001244923857448694,-8.914638222492773E-4,6.544286391505928E-4
Montreal,2024-06-08T17:06:16,52,1.188214108942845E-4,1.2489173813803967E-4,4.274869570511538E-4,-3.827814557385655E-4,3.14645469057973E-4
Vancouver,2024-06-08T20:29:15,195,-1.7743816873808563E-4,-3.2471622554548123E-4,0.0011242032051106635,-6.929863011476934E-4,4.8008490718905796E-4
Ottawa,2024-06-09T16:47:16,24,1.4350364871271377E-4,1.4890433521951542E-4,1.4890434251185066E-4,9.114249903311E-5,1.4941767790572732E-5
Calgary,2024-06-09T18:28:46,1015,3.9407153755062133E-4,4.2138188532267544E-4,0.002608606358992909,-9.701494515890544E-4,8.520599886474672E-4
Winnipeg,2024-06-09T18:28:46,784,8.700669245057113E-5,8.434038581843672E-5,0.0014398237690322186,-8.292482234543302E-4,4.330748470596074E-4
Calgary,2024-06-09T20:10:15,209,7.641530300316254E-5,2.5443167504900216E-4,8.027798529115245E-4,-8.677408332014577E-4,4.6415099518665426E-4
Vancouver,2024-06-09T20:10:15,147,1.7134699872954834E-4,-2.308546670996913E-4,0.0020003353916945524,-9.5256501986193E-4,7.987618377624243E-4
Halifax,2024-06-10T16:28:15,841,3.4760670132961546E-6,-7.718957850992213E-5,9.527659276506894E-4,-8.214607035592928E-4,4.395783401175804E-4
Winnipeg,2024-06-10T18:09:45,96,-3.8552020195766284E-6,6.195201003192988E-5,5.695751651885986E-4,-4.079785430805069E-4,3.218796281411974E-4
Calgary,2024-06-10T19:51:15,154,2.556313965099386E-5,-4.644105147273222E-5,9.654864224988485E-4,-8.5548185842404E-4,5.970964245450881E-4
Vancouver,2024-06-10T19:51:15,193,-5.780803658390369E-5,1.393417915096421E-4,3.053784312218022E-4,-6.153121939871345E-4,3.293008519445513E-4
Halifax,2024-06-11T16:09:16,1126,-1.507419144798187E-4,-1.753567765460374E-4,0.0010427518282096068,-9.470556979074134E-4,4.2189969465595894E-4
Toronto,2024-06-11T17:50:45,377,1.7123237981443132E-4,1.709790824069274E-4,0.0010957178027986366,-8.04714218248235E-4,5.322800729630605E-4
Vancouver,2024-06-11T19:32:16,31,3.775218445525358E-4,4.159910895394265E-4,4.1599110504286747E-4,-4.7714833327178825E-5,9.650730126576914E-5
Halifax,2024-06-12T15:50:15,64,2.3321220733637737E-4,2.5668530724921575E-4,3.646163717056066E-4,6.313272024266818E-5,7.485457030687722E-5
Toronto,2024-06-12T17:31:45,584,3.246682142137643E-5,7.5214018045430115E-6,0.0013033731374898572,-9.682934614839386E-4,4.7085673809017553E-4
Winnipeg,2024-06-12T17:31:45,725,-2.6251720733117542E-5,-1.7397972614382936E-4,0.0012460057623696844,-8.338190382354835E-4,5.107400938857381E-4
Calgary,2024-06-12T19:13:15,868,-7.145040773486143E-6,-5.045446001495544E-5,0.0014974614605301247,-9.978724410775362E-4,4.974348686784923E-4
Winnipeg,2024-06-12T19:13:15,776,-5.802025861035683E-5,-9.773393511354565E-5,0.0011682416079564575,-7.251688512044252E-4,3.4382008735089556E-4
Vancouver,2024-06-12T20:54:45,183,4.0128993727562976E-4,4.122354439459752E-4,0.0012822029311844005,-6.853388147301263E-4,6.292921719135297E-4
Halifax,2024-06-13T15:31:15,841,1.6743510568707464E-4,1.1809755481743001E-4,9.815596611289972E-4,-6.968518543865353E-4,4.0489589637946664E-4
Halifax,2024-06-13T17:12:45,1288,1.1311251379169832E-5,1.1198098588503465E-5,0.0010785998310901188,-8.334519225178429E-4,4.09407327079542E-4
Calgary,2024-06-13T18:54:15,1240,1.1774976977976189E-4,1.5919532458764634E-4,0.0012731403112434387,-8.579949499123321E-4,4.805661432464995E-4
Calgary,2024-06-13T20:35:45,742,-4.978569058133774E-5,-1.9240617984905096E-4,0.0012750044697918566,-8.917941013367114E-4,5.219570720563379E-4
Vancouver,2024-06-13T20:35:45,195,-1.0021431472498365E-4,-3.439467504289226E-4,0.002252277452501123,-9.589507826614374E-4,6.645076225476149E-4
Halifax,2024-06-14T16:53:44,1429,8.44827119698636E-5,6.396052169380208E-5,9.401463321402387E-4,-7.834294228814361E-4,3.201037204175764E-4
Montreal,2024-06-14T16:53:44,46,-1.1471803724101891E-4,-4.219087420554912E-4,5.129606732143741E-4,-5.529776099141763E-4,4.6792746555972427E-4
Ottawa,2024-06-14T16:53:44,238,-1.8267314192407615E-4,-2.1683343330898195E-4,6.805495359008222E-4,-6.674181786365653E-4,3.1305427911957083E-4
Calgary,2024-06-14T18:35:15,989,1.5063871216438698E-4,1.2702962785191542E-4,9.39337536694308E-4,-7.306271615206926E-4,3.6596522637614043E-4
Winnipeg,2024-06-14T18:35:15,17,8.459722748032424E-5,1.981581549107126E-4,2.7904237504136376E-4,-2.709620166570728E-4,2.4039669370959162E-4
Calgary,2024-06-14T20:16:45,14,1.7358196255205902E-4,2.0075740758305094E-4,2.007574075836572E-4,-7.75334773765923E-5,7.098508845301354E-5
Montreal,2024-06-15T16:34:44,433,5.508982059311293E-4,3.6346792513031477E-4,0.002263446804137594,-5.609557331309351E-4,6.94585964382178E-4
Ottawa,2024-06-15T16:34:44,3472,4.091768702103779E-4,4.23835250044678E-4,0.0018041335279134398,-9.216272155760604E-4,6.76890949785821E-4
Toronto,2024-06-15T16:34:44,561,1.7777782924784753E-4,1.6415737063017226E-4,0.002159300324091372,-7.129445439209475E-4,7.064867355115641E-4
Montreal,2024-06-15T18:16:14,283,0.0012465600033740678,7.706636829046923E-4,0.00642953118990765,-9.33686302749776E-4,0.002148003546620341
Ottawa,2024-06-15T18:16:14,3351,3.040459518029723E-4,1.9134291694601946E-4,0.0017845198744920242,-9.609514963819732E-4,6.640486260791582E-4
Toronto,2024-06-15T18:16:14,800,3.0526812852286263E-4,5.625879793982453E-5,0.0020979463588460803,-9.416906395933545E-4,8.993984548542979E-4
Winnipeg,2024-06-15T18:16:14,775,-8.607784340922791E-5,-1.191986023331272E-4,6.362308631655477E-4,-7.884533504761815E-4,3.1251249327548267E-4
Vancouver,2024-06-15T19:57:45,23,6.253582326599546E-4,7.681802358331082E-4,7.681802660073963E-4,-2.0877731288128717E-4,3.0105049822293245E-4
Halifax,2024-06-16T16:15:44,1390,6.31516648581509E-5,1.2869703657151106E-4,0.0015578051097701769,-8.987467153935353E-4,5.267126170663938E-4
Montreal,2024-06-16T17:57:13,1,7.385623757732521E-4,7.385623757732521E-4,7.385623757732521E-4,7.385623757732521E-4,0.0
Toronto,2024-06-16T17:57:13,771,1.5722355423164778E-4,1.9056762871559225E-4,0.0015674320748086618,-7.652056755269194E-4,4.745460738304277E-4
Winnipeg,2024-06-16T17:57:13,789,3.242346254444697E-5,1.4199308356613197E-4,7.523036911157475E-4,-8.1581372069251E-4,4.4211024280861616E-4
Winnipeg,2024-06-16T19:38:44,795,2.2718124838491763E-4,2.67961654455289E-4,0.0013650011969743884,-8.250010432677855E-4,5.400899435514452E-4
Halifax,2024-06-17T15:56:43,956,-1.905495273806584E-5,-9.016209144034124E-5,9.310482419102333E-4,-8.309613331229339E-4,4.4572717474581974E-4
Halifax,2024-06-17T17:38:12,188,0.0010291680467754511,6.503917974792084E-4,0.002145775671734042,-7.064615941225712E-5,7.272862280295214E-4
Montreal,2024-06-17T17:38:12,443,2.4324645112596804E-4,2.1847263324171296E-4,0.001449915813283129,-7.813142229093708E-4,4.1205126901353685E-4
Ottawa,2024-06-17T17:38:12,3359,8.65556730170986E-5,5.1532623999954654E-5,0.0012763937702411248,-9.597166790629705E-4,4.3072833222346755E-4
Toronto,2024-06-17T17:38:12,735,-6.783906405280752E-6,-6.62283312765037E-5,0.0014500931138182714,-9.041574667214112E-4,4.208938483828286E-4
Winnipeg,2024-06-17T17:38:12,749,9.632477608166652E-5,1.2082305699046152E-4,0.0010390513343743672,-6.818459951318643E-4,4.3805212198795926E-4
Winnipeg,2024-06-17T19:19:43,92,-4.917523151684256E-4,-5.285689143113857E-4,2.837638449811279E-4,-6.557403830815889E-4,2.1410547977842613E-4
Halifax,2024-06-18T15:37:41,710,-1.0806417779751608E-4,-3.503170381867246E-5,8.760355995032957E-4,-7.756754639563826E-4,2.8803648436876843E-4
Halifax,2024-06-18T17:19:12,740,1.8554406180173853E-4,3.4155983559786094E-4,9.068766376012676E-4,-6.777369999331424E-4,5.766645340970343E-4
Montreal,2024-06-18T17:19:12,193,1.1696345339882518E-4,1.1064687267944891E-4,7.906403625389408E-4,-4.327415954321523E-4,3.3480210389790665E-4
Ottawa,2024-06-18T17:19:12,2784,-4.3799485137000595E-6,-4.022159525333884E-6,7.827438530517535E-4,-7.3382473783618E-4,3.0080746534711885E-4
Toronto,2024-06-18T17:19:12,725,6.590087722802614E-5,5.7447003882086134E-5,7.297963020396779E-4,-8.003890397958273E-4,3.8223137618240453E-4
Vancouver,2024-06-18T20:42:12,129,-7.00965844924624E-5,-2.330382450810235E-4,0.001388785196469744,-7.285673955653515E-4,6.762185393439701E-4
Halifax,2024-06-19T15:18:40,54,-2.2732271703528468E-4,-1.9252851780043867E-4,-1.911479706630953E-4,-3.808649090093139E-4,7.353101395155048E-5
Halifax,2024-06-19T17:00:10,1429,3.585319226810725E-5,7.465222032946541E-5,8.51240765769015E-4,-7.151931640696972E-4,3.5045332188806603E-4
Ottawa,2024-06-19T17:00:10,465,1.107188389623993E-4,1.3371318907967538E-4,6.204388919290695E-4,-6.17035955656744E-4,2.9796068095347254E-4
Toronto,2024-06-19T17:00:10,5,3.025507744428247E-4,3.026107354615308E-4,3.0364654958235296E-4,2.902254421038707E-4,5.280122654822952E-6
Winnipeg,2024-06-19T18:41:41,795,-4.708505286297884E-5,-6.391886178010315E-5,6.211210275073149E-4,-7.963948850780484E-4,3.5244594120777275E-4
Vancouver,2024-06-19T20:23:11,186,8.283643807539146E-5,2.4488287570725365E-4,5.537190301675525E-4,-8.970730123106322E-4,4.2917815633031003E-4
Halifax,2024-06-20T16:41:09,1063,1.046521539196103E-4,5.921818634981907E-5,9.063935140154036E-4,-6.80674856994769E-4,3.568643178952524E-4
Calgary,2024-06-20T18:22:39,198,-3.9845065440666407E-4,-3.994142074656699E-4,-2.549169212020679E-4,-9.604088646739914E-4,9.76551304471909E-5
Winnipeg,2024-06-20T18:22:39,713,-1.0279444413041904E-4,-8.56152718325601E-5,8.436136995448011E-4,-9.04330201288754E-4,3.8314218326892353E-4
Calgary,2024-06-20T20:04:09,55,5.001880457650922E-4,5.42368416421742E-4,5.844081169936136E-4,2.136764381253902E-4,1.0557800688238003E-4
Vancouver,2024-06-20T20:04:09,176,3.7585351751562616E-4,1.852918628665947E-4,0.0017900435486840598,-6.331966344945599E-4,6.687054438623242E-4
Halifax,2024-06-21T16:22:08,1402,-1.451797638540089E-4,-1.656371647837111E-4,9.106560610240998E-4,-9.997022571049052E-4,3.9546809239019E-4
Winnipeg,2024-06-21T18:03:38,36,4.264899395446132E-4,5.911627085878784E-4,5.911627278133578E-4,-1.8079308210877315E-4,3.504957317734705E-4
Calgary,2024-06-21T19:45:07,1049,1.9802641038074746E-5,-7.894158488424119E-5,0.0010624583810586955,-6.987864035194263E-4,4.444362047073348E-4
Vancouver,2024-06-21T19:45:07,195,5.630774196800634E-4,8.458026843298435E-4,0.0013023820938565897,-6.599330808979215E-4,6.302461634039359E-4
Winnipeg,2024-06-22T17:44:37,772,2.0579329154576874E-4,3.720091385505757E-4,0.001004036399536837,-9.188598211738473E-4,4.2041210128077944E-4
Calgary,2024-06-22T19:26:07,1250,7.577617584794049E-5,3.440170661996735E-5,0.0015343765262541935,-8.607569034226811E-4,4.349034672306649E-4
Ottawa,2024-06-23T17:25:36,167,1.508077762489594E-4,8.787254822279758E-5,0.001077074906789507,-7.33375840355443E-4,4.785372781206139E-4
Toronto,2024-06-23T17:25:36,27,-7.131145208997427E-5,-7.13331028236991E-5,-6.994037587786453E-5,-7.211975076848235E-5,3.070105891405252E-7
Calgary,2024-06-23T19:07:05,463,1.7480642676289085E-4,6.216749522146224E-5,7.211602060137242E-4,-6.25488173682867E-4,3.133806281168837E-4
Winnipeg,2024-06-23T19:07:05,36,4.315040909590635E-4,7.230168557722147E-4,7.230168557730817E-4,-3.7644404801565957E-4,4.179471064159888E-4
Ottawa,2024-06-24T17:06:33,3149,3.323876500997963E-5,3.997206110355201E-5,0.0013028809636746429,-9.487117058604027E-4,3.8359957705746993E-4
Toronto,2024-06-24T17:06:33,507,1.5768628126668305E-4,1.43456999428827E-4,0.0011904727434747654,-8.301085326826318E-4,4.666518527384665E-4
Calgary,2024-06-24T18:48:04,639,4.170281054795771E-4,4.669320548530552E-4,0.001552777830514123,-9.376296075077819E-4,6.560188909455244E-4
Winnipeg,2024-06-24T18:48:04,589,7.318609576391346E-5,3.7380774028303974E-5,0.0012756343930972437,-7.85539548763032E-4,4.7163652335663596E-4
Calgary,2024-06-24T20:29:33,669,2.460994874914488E-4,3.1427341878897415E-4,0.0013034270377853103,-7.798813749113217E-4,5.04531247579634E-4
Montreal,2024-06-25T16:47:31,409,-1.2954777334676102E-4,-2.0930320598113518E-4,9.383488327055839E-4,-8.618276052807537E-4,4.709693759052225E-4
Ottawa,2024-06-25T16:47:31,58,4.459218722266753E-4,4.4377865844210003E-4,7.463123765779202E-4,1.1893922783191778E-4,2.5882731232637575E-4
Calgary,2024-06-25T20:10:32,197,5.823488608954577E-5,-2.2191874450070237E-5,7.977160275922448E-4,-6.720906822022957E-4,4.424764454420981E-4
Vancouver,2024-06-25T20:10:32,180,1.420115990595987E-4,1.1683941894496631E-4,0.0015461392467858315,-7.986666278239187E-4,4.8485764032972533E-4
Halifax,2024-06-26T16:28:30,1418,-3.3967320298882234E-5,-9.79782655511742E-5,0.001375381951221279,-9.944908088079971E-4,5.052588992936042E-4
Ottawa,2024-06-27T17:50:57,107,5.911750080529052E-5,2.0754177293706664E-4,4.576872907029776E-4,-4.178078961561512E-4,2.918751894416004E-4
Toronto,2024-06-27T17:50:57,351,2.464214416008873E-4,1.2602624829518905E-4,0.0012902914633835278,-9.789030300460034E-4,5.366677133540333E-4
Halifax,2024-06-28T15:50:25,672,9.559816556571775E-5,-9.742964803720982E-5,0.00144261824246648,-8.893219191860501E-4,6.26319301612884E-4
Montreal,2024-06-28T17:31:54,419,3.2142533447763554E-5,7.745162161495057E-5,0.0010005210319252,-9.358072420588609E-4,4.932684247329077E-4
Ottawa,2024-06-28T17:31:54,3481,1.0198618445096632E-4,5.215355879365849E-5,0.00129786226898521,-9.72170848400069E-4,4.7644385977015536E-4
Calgary,2024-06-28T19:13:24,453,2.3534441663902898E-4,1.4488982110573043E-4,0.0014502814001644178,-9.27050962999704E-4,7.546901031656273E-4
Vancouver,2024-06-28T20:54:55,113,7.002991928099952E-4,9.154319388256833E-4,0.002102778758854279,-6.509725536488051E-4,8.113726366704016E-4
Halifax,2024-06-29T17:12:52,54,-3.9827022973931296E-4,-5.08228607941362E-4,6.821933784519231E-4,-6.001971778461574E-4,2.91096634403802E-4
Calgary,2024-06-29T18:54:22,1250,-1.6798467917042038E-5,3.938937846140582E-5,8.729890687393674E-4,-7.457439205622668E-4,2.8260222984378833E-4
Winnipeg,2024-06-29T18:54:22,665,2.3541177105527392E-4,1.7342271838600003E-4,0.0019312967415750753,-9.266565321019702E-4,6.435661898893302E-4
Montreal,2024-06-30T16:53:50,405,-1.295140435913721E-4,-2.574581047607158E-4,8.568827761343052E-4,-6.807793979537697E-4,3.8799291538261756E-4
Ottawa,2024-06-30T16:53:50,1521,-6.203465107663627E-5,-1.1238189849879869E-4,6.730929017073675E-4,-8.484664722342182E-4,3.621981274407762E-4
Winnipeg,2024-06-30T18:35:19,795,-1.0052136492789406E-6,3.8340944526593246E-6,6.887817871761586E-4,-5.895304493611976E-4,3.0609592006170466E-4
Vancouver,2024-06-30T20:16:49,33,3.793284402372082E-4,5.205489578654651E-4,9.148008643909474E-4,-6.25977093157069E-4,5.044293394496868E-4
Montreal,2024-07-01T16:34:48,453,1.5791787308454727E-4,3.1044388655535624E-4,0.0014524315236435531,-9.346117423430612E-4,6.287967058766761E-4
Ottawa,2024-07-01T16:34:48,3386,8.380109179194699E-5,1.290698752552776E-4,0.001489131665600837,-9.84205506845272E-4,5.534812834813326E-4
Toronto,2024-07-01T16:34:48,646,0.00101807780433834,9.413096868449597E-4,0.004046224523339735,-9.910097914552507E-4,0.001214698948035066
Montreal,2024-07-01T18:16:18,358,4.276834745353165E-4,1.093316624826287E-4,0.0025814366873622733,-8.806643891154323E-4,0.0010693145338013378
Ottawa,2024-07-01T18:16:18,3095,-2.7960934833433272E-5,-1.1064444971885078E-5,0.0013228140305740926,-9.667879203341097E-4,4.388696217248036E-4
Toronto,2024-07-01T18:16:18,762,1.6174601638834887E-4,8.91759050387769E-5,0.001081916154363005,-8.663658518352813E-4,5.023322559177311E-4
Calgary,2024-07-01T19:57:48,323,4.292179546833291E-5,2.835656053935523E-5,6.776089560802897E-4,-8.703297935435697E-4,3.843603513610188E-4
Vancouver,2024-07-01T19:57:48,108,3.636952137650279E-4,7.539864772399463E-4,0.0013170267920964791,-6.903963620045568E-4,7.299197004698757E-4
Halifax,2024-07-02T16:15:45,1420,-3.894709331762616E-5,-6.648566842300545E-6,0.0010599065572026443,-9.593927534303704E-4,4.256054108823022E-4
Montreal,2024-07-02T16:15:45,233,7.468017927172536E-4,5.480033114366435E-4,0.001660759211519012,2.1811420525025686E-4,4.482196711536262E-4
Ottawa,2024-07-02T16:15:45,3324,3.2745289401072406E-4,6.968384290751953E-5,0.0025098377373086777,-9.472747333357254E-4,8.376551109093243E-4
Montreal,2024-07-02T17:57:15,352,2.2056122832483878E-4,2.5816616926459886E-4,0.0010339210275563592,-6.153433932920178E-4,5.209902126825762E-4
Ottawa,2024-07-02T17:57:15,3468,1.2079447369744654E-4,1.1462437641758352E-4,0.0012417912948885156,-9.91750741378463E-4,4.1498031496902576E-4
Calgary,2024-07-02T19:38:44,992,-8.689739006675638E-5,-5.6543734988167805E-5,8.966658497245337E-4,-9.775446960720111E-4,4.3461188449009315E-4
Vancouver,2024-07-02T19:38:44,12,0.0012350852392594292,0.0015078650321803725,0.001507865032182783,5.764632816766256E-4,2.9955920705072186E-4
Halifax,2024-07-03T15:56:42,1407,7.3014799850689815E-6,3.74076649050106E-5,0.0011956878006461724,-9.88409854472363E-4,4.338754348576893E-4
Montreal,2024-07-03T17:38:12,457,3.84157297150474E-5,1.3907533286906055E-4,8.380408398806856E-4,-9.646607825227136E-4,5.409392696793694E-4
Vancouver,2024-07-03T19:19:41,114,2.6765687804464797E-6,-2.296860293605518E-5,5.891273123261331E-4,-2.2968603735128484E-5,1.391438829470921E-4
Vancouver,2024-07-03T21:01:11,164,4.2844142609398865E-4,1.5502135750156324E-4,0.0011506046181711865,-3.1761260470432513E-4,4.788754870459466E-4
Halifax,2024-07-04T15:37:39,616,-1.7371448326991941E-4,-2.5226983651948406E-4,6.986135267659546E-4,-7.441688212571193E-4,3.525361493636716E-4
Montreal,2024-07-04T17:19:09,411,8.816786564395303E-5,1.5340696049517022E-4,7.370706880470216E-4,-6.68660795781746E-4,2.922990387583602E-4
Ottawa,2024-07-04T17:19:09,984,4.403879626560896E-5,6.231859558673634E-5,7.663224241701566E-4,-7.444045140290981E-4,3.5138410905174484E-4
Calgary,2024-07-04T19:00:38,134,1.2720318475876156E-4,9.958438783160135E-5,3.7395785329930655E-4,-3.906222991649236E-4,2.1818664461533872E-4
Vancouver,2024-07-04T20:42:09,160,3.550011216122042E-4,4.545953239676717E-4,9.142177683785496E-4,-4.514461776589492E-4,3.6729739080881206E-4
Montreal,2024-07-05T17:00:06,455,-3.004073341701869E-4,-2.2259732149874668E-4,6.687919376415166E-4,-8.886010036812653E-4,3.2399817205313426E-4
Ottawa,2024-07-05T17:00:06,436,-2.91211660022213E-5,7.515351045804467E-5,7.682815776208764E-4,-6.463913014163051E-4,3.0991073038921416E-4
Toronto,2024-07-05T17:00:06,46,-2.4091907952111178E-4,-4.126915882803831E-4,3.940240152520699E-4,-4.126915882811345E-4,3.1296563085260633E-4
Calgary,2024-07-05T18:41:35,1192,-7.036429542713782E-5,-6.413142921083322E-5,9.997723391290446E-4,-9.091105312125337E-4,4.3036742596546307E-4
Winnipeg,2024-07-05T18:41:35,318,-4.7825217706531077E-5,3.322537125286131E-5,4.965498228560821E-4,-7.440067711293675E-4,2.811183488230834E-4
Calgary,2024-07-05T20:23:06,1218,-1.4604502925478832E-4,-1.450574411184511E-4,0.0010368752991799278,-9.670426952670017E-4,4.312900767715638E-4
Vancouver,2024-07-05T20:23:06,181,-3.136813954865056E-4,-2.470538113125915E-4,5.43301873136148E-4,-9.115406428480144E-4,3.796542525124804E-4
Ottawa,2024-07-06T16:41:03,21,-2.560439808709437E-4,-2.5450831162742685E-4,-2.4124464009078663E-4,-2.748828720615868E-4,6.555026428873617E-6
Calgary,2024-07-06T18:22:32,429,0.0010812538731530014,8.735842005238824E-4,0.002514923566493405,-2.5581414824616457E-4,7.575915934219608E-4
Winnipeg,2024-07-06T18:22:32,711,1.4334766182867736E-4,1.0406851276223786E-4,8.433712064294354E-4,-5.668038502339445E-4,3.231919648544778E-4
Calgary,2024-07-06T20:04:02,174,-1.2398595601738796E-4,-2.3492712236075768E-4,7.382306503122964E-4,-8.937282837005734E-4,4.583765146561727E-4
Vancouver,2024-07-06T20:04:02,195,1.9636293848243E-4,2.7032081417558383E-4,0.001044148812072366,-5.923602147969822E-4,4.70933750825854E-4
Halifax,2024-07-07T16:21:59,54,-2.6182291727277115E-5,-1.9021673213949542E-5,1.2279507701177258E-5,-2.0320762996575795E-4,4.719022725378751E-5
Montreal,2024-07-07T16:21:59,77,-2.461824283275321E-4,-2.646622050223691E-4,3.630102098708766E-4,-6.314872089444356E-4,1.2957181497050968E-4
Ottawa,2024-07-07T16:21:59,1109,3.9457269977785924E-6,4.923108748365495E-5,6.344188586815075E-4,-8.209476945929974E-4,4.168065563678729E-4
Montreal,2024-07-07T18:03:28,53,5.901001069334291E-4,6.51511072646551E-4,9.951454519322768E-4,-3.50599002558979E-4,2.713564144846491E-4
Ottawa,2024-07-07T18:03:28,1141,-2.0157240726432835E-6,3.0023197574912635E-6,6.549653480767292E-4,-5.94355806243268E-4,3.031738994560047E-4
Toronto,2024-07-07T18:03:28,740,3.868437065257222E-6,2.1809025163293792E-5,0.0014091404154906422,-9.97227533656946E-4,5.144562204603331E-4
Winnipeg,2024-07-07T18:03:28,533,-2.4806837698332265E-4,-2.247800718725716E-4,3.089498495685198E-4,-8.052238345253942E-4,3.1358880205569747E-4
Calgary,2024-07-07T19:44:59,1192,-1.9898003035750673E-4,-2.190388374274316E-4,9.501795284467136E-4,-9.363343706371331E-4,4.017018763041798E-4
Vancouver,2024-07-07T19:44:59,74,-5.622831853485527E-4,-7.908355360405204E-4,0.0011934581538311094,-7.908355607258302E-4,6.541169414788384E-4
Vancouver,2024-07-07T21:26:28,190,2.3357934117962866E-4,2.3824999499357456E-5,9.100469178536503E-4,-7.981355884126766E-4,4.2986506472341037E-4
Halifax,2024-07-08T16:02:56,924,-9.941638172376123E-5,-7.865366231103644E-5,3.194688179066738E-4,-8.311410783795766E-4,2.575304662205258E-4
Ottawa,2024-07-08T17:44:26,131,2.0612351052108768E-4,4.2688185798505745E-4,4.4117847573973767E-4,-3.664239193315343E-4,3.04983944376078E-4
Winnipeg,2024-07-08T17:44:26,125,2.515883298271475E-4,1.8705992036877221E-4,4.681567370429128E-4,8.312794015485271E-5,1.0450873898465444E-4
Calgary,2024-07-08T19:25:56,1232,-1.4775888350395087E-6,-1.1329743555776898E-5,0.001359473681079805,-9.289829758937325E-4,4.109675117836308E-4
Vancouver,2024-07-08T19:25:56,195,0.0011697733301496093,0.0014404985471738508,0.0018891491927240478,-4.892490105697494E-4,6.65399864844642E-4
Winnipeg,2024-07-08T19:25:56,102,-7.138609847224705E-5,-9.628104185515978E-6,5.359085043897615E-4,-5.601922166537619E-4,3.157788527222756E-4
Vancouver,2024-07-08T21:07:25,127,2.722012092323563E-4,3.805225715040519E-4,8.038720173754248E-4,-6.58989883960478E-4,4.821646506043579E-4
Halifax,2024-07-09T15:43:51,379,2.7205036565942302E-5,7.086966940826375E-5,2.768736418910913E-4,-5.334853194657656E-4,1.9941530035513214E-4
Ottawa,2024-07-09T17:25:21,1479,2.0501986642005815E-4,2.076640773108453E-4,0.0013281769352042865,-6.312185432766247E-4,3.3523082068876223E-4
Winnipeg,2024-07-09T17:25:21,705,7.198370485241911E-4,4.3816666363826785E-4,0.00207296572625844,-8.014531922532167E-4,9.08090604034525E-4
Calgary,2024-07-09T19:06:51,1249,-1.597186089926621E-5,-4.665978190731968E-6,8.008684380925688E-4,-8.421659586034954E-4,3.380514443839409E-4
Vancouver,2024-07-09T19:06:51,169,-2.6890154621494246E-5,2.8121856808756404E-4,0.0010767969034252538,-7.892694557099822E-4,4.9805655635221E-4
Winnipeg,2024-07-09T19:06:51,206,2.004097709619797E-4,1.867706868433686E-4,9.252495365223689E-4,-1.298205170316055E-4,3.148107441172447E-4
Vancouver,2024-07-09T20:48:21,177,2.672755485827194E-4,2.91471145628672E-4,0.0017572839278746873,-6.201153419656084E-4,8.147211148570732E-4
Halifax,2024-07-10T15:24:48,694,3.345792683769503E-4,1.0451641993357487E-4,0.002581384023345138,-8.864806732171684E-4,8.963301453553726E-4
Halifax,2024-07-10T17:06:18,1020,2.8324839327054774E-4,2.41114344122293E-4,0.0012434356613093222,-6.670487928208824E-4,4.790306427030169E-4
Calgary,2024-07-10T18:47:48,109,2.7513325178491805E-4,1.8023889211088816E-4,9.35728312470953E-4,-3.417943371465986E-4,3.859944707787529E-4
Winnipeg,2024-07-10T18:47:48,130,7.741594143777099E-5,9.834991428316197E-5,4.988747416463923E-4,-3.1781804864316674E-4,2.1059834821754805E-4
Vancouver,2024-07-10T20:29:18,178,2.856131547715077E-4,1.7809465830663596E-4,0.0010302362497914476,-5.724993534379162E-4,3.8044043869927353E-4
Calgary,2024-07-11T18:28:44,1083,0.0015727068119463375,0.0016441074103928795,0.00441519240759088,-8.132744696912661E-4,0.0012772033765335825
Winnipeg,2024-07-11T18:28:44,795,-6.249044227876613E-5,2.6765224086203205E-5,4.6178151387753046E-4,-7.607232546439036E-4,2.897656463948923E-4
Calgary,2024-07-11T20:10:14,1146,7.962436289400159E-5,9.523118848830687E-5,0.0018919677240794603,-9.338479424543902E-4,6.1635573493947E-4
Vancouver,2024-07-11T20:10:14,177,5.932116367639159E-5,4.0676167665078925E-5,0.0011714301134979138,-9.037632262323985E-4,4.761592704685497E-4
Halifax,2024-07-12T16:28:09,1063,1.2416245108274387E-4,1.7834848065264789E-4,6.017780397091473E-4,-6.38030935079298E-4,2.496021702798125E-4
Ottawa,2024-07-12T16:28:09,7,1.1455236887675898E-4,1.1458250082791595E-4,1.1458250082804316E-4,1.1440891715619983E-4,6.074163193685413E-8
Toronto,2024-07-12T16:28:09,6,4.8272088146552656E-4,4.8272088203138626E-4,4.827208976839572E-4,4.8272087266685383E-4,0.0
Toronto,2024-07-12T18:09:39,402,1.4251778344698173E-4,1.1509501928230509E-4,8.193192188636197E-4,-3.1082074219275296E-4,3.0259106098739515E-4
Winnipeg,2024-07-12T18:09:39,731,-3.669164814920824E-5,9.49506420213075E-5,4.6422585728610183E-4,-8.655520505271653E-4,3.141282321539437E-4
Calgary,2024-07-12T19:51:09,1208,-2.3794136208978885E-4,-2.2294324955187352E-4,0.0011501575087915928,-9.760725079114915E-4,4.6258236196310815E-4
Vancouver,2024-07-12T19:51:09,159,7.644066212526092E-4,0.0010459883242132945,0.0014650674515522813,-8.112634084923834E-4,8.322265933312346E-4
Halifax,2024-07-13T16:09:05,999,-7.604165147657948E-5,-1.0356299164108996E-4,3.390488855078476E-4,-4.967129789296227E-4,2.0153347884652726E-4
Montreal,2024-07-13T16:09:05,313,1.1059586645721122E-4,-1.0770529987133624E-5,0.001685022143648233,-7.229526527230941E-4,4.685097619425107E-4
Ottawa,2024-07-13T16:09:05,1401,4.992339326247889E-4,4.7933395778230505E-4,0.0019705033086885853,-4.656111414081824E-4,6.686061272796881E-4
Montreal,2024-07-13T17:50:35,433,-3.289739843170326E-5,-1.6144182616477883E-4,0.0011968505568810584,-8.778789779171145E-4,5.243222200942056E-4
Ottawa,2024-07-13T17:50:35,3546,-3.1858632737021496E-6,-3.5190409793978706E-5,0.00105303653981609,-5.920296534899967E-4,3.171019482941307E-4
Toronto,2024-07-13T17:50:35,376,9.882215513658677E-7,5.5293652970365265E-5,0.0013658555690203068,-6.376204546545359E-4,4.0806927506859746E-4
Winnipeg,2024-07-13T17:50:35,795,7.187195168338363E-5,9.80974956671455E-5,4.4238404370874776E-4,-3.580291455639782E-4,2.332078782849485E-4
Calgary,2024-07-13T19:32:06,1095,9.723626553432413E-5,1.1977870459135971E-4,0.0015711652813507548,-8.898969972522163E-4,5.097015461855556E-4
Vancouver,2024-07-13T19:32:06,188,5.073138887166359E-4,6.225180771448157E-4,0.0021400707941422355,-7.017545867723921E-4,5.254156364870732E-4
Winnipeg,2024-07-13T19:32:06,262,-3.4912797641558E-4,-2.646985068437698E-4,6.129720131870848E-4,-9.153169812643725E-4,4.252834741313495E-4
Vancouver,2024-07-13T21:13:35,172,3.345171938189513E-4,2.3096489460861026E-4,0.002112441529323869,-8.879093855259866E-4,9.819644767093732E-4
Halifax,2024-07-14T15:50:01,604,4.4838661452819804E-5,4.963105564889772E-5,5.851903115403204E-4,-6.838885601614646E-4,2.4158878631901296E-4
Halifax,2024-07-14T17:31:31,8,-3.063430485781187E-4,-3.0634304857821636E-4,-3.0634304857787625E-4,-3.0634304857821636E-4,0.0
Montreal,2024-07-14T17:31:31,227,2.164157640225866E-5,-1.4019814986254784E-4,9.998232560347628E-4,-8.30296194181417E-4,4.314690813986748E-4
Ottawa,2024-07-14T17:31:31,2574,8.624435497794374E-5,1.1120014584386265E-4,0.001054089283571372,-7.78365763835591E-4,3.7368576612550566E-4
Winnipeg,2024-07-14T17:31:31,727,1.6370796483335047E-4,2.2157301773497172E-4,8.075912788649689E-4,-7.512813899665897E-4,4.530761528576725E-4
Vancouver,2024-07-14T19:13:01,101,0.0010790881625535765,-4.756279575536556E-4,0.007681272093532226,-6.590734284865757E-4,0.002556620580506608
Winnipeg,2024-07-14T19:13:01,143,1.843225855430128E-5,-6.03055981046475E-5,3.901839745253112E-4,-6.21875398792754E-4,3.553730563623403E-4
Vancouver,2024-07-14T20:54:31,188,-5.118808892774231E-5,-5.226948992568353E-5,7.702429332298662E-4,-4.449121770456981E-4,2.270040691426192E-4
Halifax,2024-07-15T15:30:58,1,9.676672004570136E-4,9.676672004570136E-4,9.676672004570136E-4,9.676672004570136E-4,0.0
Halifax,2024-07-15T17:12:27,861,7.670690979737987E-5,8.967715068751375E-5,7.580817327839878E-4,-6.772292545069939E-4,2.789095686909748E-4
Montreal,2024-07-15T17:12:27,136,-2.880284929624962E-4,-2.7070397902668466E-4,8.449298911733773E-4,-8.315263142166632E-4,4.3642719515814515E-4
Ottawa,2024-07-15T17:12:27,289,2.5138601319146436E-6,-2.0765227744779023E-4,0.001235520234332338,-7.394711137754339E-4,4.934128491545828E-4
Calgary,2024-07-15T18:53:57,1225,2.882523114653067E-4,3.1142035444745E-4,0.0014030909060287627,-9.005182073467767E-4,5.233277269533099E-4
Calgary,2024-07-15T20:35:26,193,-2.3671853966519254E-5,1.3537918536878584E-4,3.5525579238219107E-4,-8.802363881850089E-4,3.7039739124187864E-4
Vancouver,2024-07-15T20:35:26,187,-1.8614264352131507E-4,-2.5393054238516703E-4,7.765796035524899E-4,-8.810883737185045E-4,5.686086989169187E-4
Halifax,2024-07-16T16:53:22,78,8.376351966995208E-5,1.2387915921865809E-4,4.8605558045627305E-4,-1.0207268753004052E-4,1.3587065005680137E-4
Calgary,2024-07-16T18:34:52,1165,-4.935900416027248E-5,7.460702293162104E-5,0.001047158613802885,-9.433736559013847E-4,5.025650856073332E-4
Winnipeg,2024-07-16T18:34:52,45,-2.3198810596708716E-4,-6.147352985499535E-4,4.575225331005942E-4,-6.734545777111521E-4,4.8484916972505327E-4
Calgary,2024-07-16T20:16:21,164,-3.5052496941429055E-4,-4.5703763361784947E-4,5.226843960156426E-4,-9.897798299807223E-4,4.190027398326278E-4
Vancouver,2024-07-16T20:16:21,162,9.683976241711296E-5,3.636274130449617E-5,0.0013419898459702418,-9.405550081293079E-4,7.271540534421639E-4
Halifax,2024-07-17T16:34:18,97,-7.800560252055445E-5,-8.131676449673852E-5,3.3451642957501866E-4,-4.914314687054623E-4,2.8713316260461637E-4
Toronto,2024-07-17T16:34:18,156,4.2145901107098826E-4,0.0010125375119968778,0.001128151896410466,-7.468277472076483E-4,7.794753772489525E-4
Calgary,2024-07-17T19:57:17,1049,-1.3411216399544554E-4,-1.332229598034053E-4,5.436153733177433E-4,-8.445361163482351E-4,2.646663280389706E-4
Vancouver,2024-07-17T19:57:17,35,3.2024199397488317E-4,4.4094983604749317E-4,7.097043727160994E-4,-2.294312711612788E-4,3.499821565850814E-4
Winnipeg,2024-07-18T17:56:43,617,-3.449685370316706E-5,-4.8005883852839034E-5,7.533392636107587E-4,-6.65304833091721E-4,2.3428055691190937E-4
Calgary,2024-07-18T19:38:13,518,-2.2899162914584187E-4,-2.074165039701425E-4,4.082785575755007E-4,-6.315958453353672E-4,2.2016667118973264E-4
Vancouver,2024-07-18T19:38:13,195,-4.444478447049502E-4,-5.465580821095232E-4,0.001067500095815627,-7.254621596083481E-4,3.4685840938531966E-4
Winnipeg,2024-07-18T19:38:13,243,2.0100656405671393E-4,-3.88968351711133E-4,0.001619515009225528,-5.318364128474077E-4,8.635999418365026E-4
Halifax,2024-07-19T15:56:08,945,3.9205363757726816E-5,-9.608863181893326E-6,6.711106980226183E-4,-5.694075371142665E-4,2.81615202885033E-4
Halifax,2024-07-19T17:37:38,831,5.126697510270488E-4,3.955846489926055E-4,0.002220480469988323,-8.142112444178901E-4,8.761953225842775E-4
Montreal,2024-07-19T17:37:38,308,7.85002958310446E-5,1.343628683530423E-4,9.614367736510091E-4,-5.342108197513915E-4,4.269187311111317E-4
Ottawa,2024-07-19T17:37:38,1233,1.0796389878609741E-4,6.746931286980682E-5,0.0013887948589409004,-9.694127948030043E-4,5.027278948805826E-4
Toronto,2024-07-19T17:37:38,422,-3.802030971704274E-5,-5.818326925936379E-5,8.981866153897847E-4,-6.759131210860787E-4,4.1674511471844584E-4
Calgary,2024-07-19T19:19:07,290,-1.2329979540833726E-4,-1.428738593657628E-4,2.851858153013051E-4,-4.925700339831783E-4,1.9832016307832822E-4
Vancouver,2024-07-19T19:19:07,76,-6.039969864107021E-4,-6.416944665828055E-4,0.0014099532288898522,-6.416944962938366E-4,3.2915996194168856E-4
Vancouver,2024-07-19T21:00:37,89,0.0014963860083034514,0.0022119421119502903,0.002211942210594336,-8.096974077208306E-4,0.0010127002601988532
Halifax,2024-07-20T15:37:04,1062,1.694548830622869E-5,1.0527485864213927E-5,0.0013843148481110315,-8.755651069813767E-4,5.610866210151216E-4
Halifax,2024-07-20T17:18:33,1166,4.9723612920984316E-5,-5.2715338560872465E-5,0.0013268834445634666,-8.227092912426286E-4,4.960943922632823E-4
Montreal,2024-07-20T17:18:33,115,-8.766958927845462E-5,-9.504001872388183E-5,9.530056850052303E-4,-6.469809178343176E-4,3.8684707290723684E-4
Ottawa,2024-07-20T17:18:33,588,-1.2990628989992187E-5,-1.4464204640178996E-5,7.870676445904094E-4,-7.021564110532092E-4,3.6535583337438403E-4
Toronto,2024-07-20T17:18:33,125,-1.6758379368097143E-4,-1.1096396401854751E-5,8.930698474017376E-4,-7.987384451558716E-4,4.779146445983209E-4
Calgary,2024-07-20T19:00:02,2,-2.4895272201704455E-4,-2.4200070763755725E-4,-2.4200070763755725E-4,-2.6804758817936984E-4,1.3023440270906326E-5
Vancouver,2024-07-20T20:41:32,195,-5.438573590882751E-4,-7.720735751198034E-4,0.0011002136161546226,-9.768500458466685E-4,4.3506988611788475E-4
Halifax,2024-07-21T15:17:58,321,5.889742940642711E-4,8.122173601493494E-4,0.0018863310773779023,-8.60925841827047E-4,8.090290953999325E-4
Halifax,2024-07-21T16:59:28,795,1.4979398518658022E-4,1.1632616571596063E-4,0.0010043201036758174,-7.572003523826708E-4,3.7564491356195635E-4
Montreal,2024-07-21T16:59:28,275,1.3047843290275304E-4,5.886769004218397E-5,0.0018278167117386634,-8.946416783152711E-4,5.02958563977543E-4
Ottawa,2024-07-21T16:59:28,2499,5.761417860390187E-5,8.215498726267298E-6,0.0016320300055678977,-9.646768533852345E-4,5.447781080555249E-4
Calgary,2024-07-21T20:22:28,47,6.039629295268692E-6,1.3612153452407866E-5,1.2224990369896795E-4,-7.673162956026673E-5,3.5869861325812226E-5
Halifax,2024-07-22T16:40:22,1430,-7.477359987296751E-5,-8.760533257642355E-5,7.912381552165226E-4,-8.550477796240069E-4,3.7535780281536057E-4
Montreal,2024-07-22T16:40:22,216,2.3306218855103733E-4,7.887874516156432E-5,0.001149692651555207,-6.519527523782861E-4,5.075487375705399E-4
Ottawa,2024-07-22T16:40:22,3292,4.226156518654598E-5,-2.0517647274485973E-5,0.0013974658829143303,-9.365382138646126E-4,4.790823681828035E-4
Toronto,2024-07-22T16:40:22,295,-7.649072178871336E-5,-3.7668354007374327E-4,9.940322488553204E-4,-9.271190274679454E-4,6.825794832956256E-4
Montreal,2024-07-22T18:21:52,74,2.875895753836033E-4,1.25745122204535E-4,0.0027749330989703656,-3.357685054654701E-4,7.394149356809149E-4
Ottawa,2024-07-22T18:21:52,2726,3.702624085512847E-5,-2.720540977139086E-5,0.001650332589633065,-9.762304252954633E-4,5.704924631415114E-4
Toronto,2024-07-22T18:21:52,169,-7.623256235404497E-5,-2.836072456005043E-4,9.325470891790461E-4,-6.02790387347755E-4,4.979430732053289E-4
Calgary,2024-07-22T20:03:22,498,-8.637102122355677E-5,-1.327995132061154E-4,5.752750439575608E-4,-7.273968076324514E-4,2.327684845547818E-4
Montreal,2024-07-23T16:21:18,403,8.218162211935071E-5,1.8217176918148383E-5,7.800256134947536E-4,-8.038653734793056E-4,4.199040667560578E-4
Ottawa,2024-07-23T16:21:18,1932,-1.0315540011289259E-4,-1.9033064680365166E-4,0.0015711837913856695,-9.943274781114737E-4,6.582281673349147E-4
Montreal,2024-07-23T18:02:47,131,4.248395709031747E-4,5.888974410481624E-4,8.417630451739787E-4,-2.2513764270115123E-4,2.961949420034647E-4
Ottawa,2024-07-23T18:02:47,1595,1.8046188361214823E-5,2.5477384814206704E-5,0.0013524682726724537,-8.609178476041514E-4,5.397854865250641E-4
Toronto,2024-07-23T18:02:47,794,2.7652303978219253E-5,1.3780770307177711E-5,8.856196072886453E-4,-9.525376954122476E-4,4.3148678162065434E-4
Calgary,2024-07-23T19:44:16,1217,-1.6633769969006407E-4,-2.3390821048939705E-4,0.0010967100970458985,-9.849021444107869E-4,4.240822262879894E-4
Vancouver,2024-07-23T19:44:16,195,5.471668653317408E-4,5.980942209282823E-4,0.001600036164747428,-3.9013294735965823E-4,4.886843458755777E-4
Halifax,2024-07-24T16:02:12,798,-8.071727375989353E-5,-1.4145867431045005E-4,6.891181110409169E-4,-7.972951279958603E-4,2.828585654131513E-4
Calgary,2024-07-24T19:25:11,961,-1.6808967719839167E-4,-2.5878683598623363E-4,8.05467949249726E-4,-9.351919288763824E-4,4.631291168142211E-4
Vancouver,2024-07-24T19:25:11,21,0.0017291944714373372,0.0013688162672139163,0.0021364253871177024,0.001368816213136515,3.7781827884995325E-4
Vancouver,2024-07-24T21:06:41,24,4.4680525845569585E-4,1.7788619760467013E-4,0.00242174090818006,-7.550074589974175E-4,0.001385507155877009
Halifax,2024-07-25T15:43:07,175,1.275114435853256E-4,7.157156755311393E-5,4.358130360763054E-4,-2.7228437791926936E-4,2.012429233303871E-4
Toronto,2024-07-25T17:24:36,90,7.002490784850688E-4,8.582201065069841E-4,0.0012607957469308103,-7.810832127603679E-5,4.132041969326228E-4
Winnipeg,2024-07-25T19:06:06,555,1.778704428982665E-4,8.582300538147156E-5,9.851451031870461E-4,-6.364837172443016E-4,4.589486003005419E-4
Vancouver,2024-07-25T20:47:35,141,1.3431070602549839E-5,-1.292476075978247E-4,5.748374624495814E-4,-7.224064902399405E-4,2.87861156468762E-4
Halifax,2024-07-26T17:05:30,381,1.2939169554003659E-4,1.1678861899393759E-4,7.735338876960529E-4,-5.655099418491942E-4,4.172151804503744E-4
Montreal,2024-07-26T17:05:30,38,5.957743025742562E-5,1.864950900198683E-4,7.121568196450142E-4,-7.519167847938892E-4,4.5671390424687885E-4
Ottawa,2024-07-26T17:05:30,3167,-1.5857540126979538E-6,-7.146873845407607E-5,0.0017741133924585855,-9.942837059504668E-4,5.378413609777701E-4
Toronto,2024-07-26T17:05:30,799,1.8177636096040274E-4,1.4390515435140928E-4,0.0015555392019466195,-7.105790427890835E-4,5.16708332474925E-4
Halifax,2024-07-27T16:46:25,405,-6.093377324154678E-5,-2.790978034537049E-4,0.00133912789169791,-8.937252787944809E-4,6.014391901221361E-4
Winnipeg,2024-07-27T18:27:55,794,-1.349991602745213E-4,-1.253031221447213E-4,9.073551045736947E-4,-7.18252558727024E-4,3.5910210908042067E-4
Vancouver,2024-07-27T20:09:24,184,1.9518547005996885E-4,3.223049031795554E-4,0.0018308031707561048,-8.739571203487182E-4,8.195713678126171E-4
Halifax,2024-07-28T16:27:18,1397,1.878499740755581E-4,1.5862778600909548E-4,0.0012788119493061154,-9.898871655382628E-4,4.70073254702586E-4
Montreal,2024-07-28T16:27:18,384,-1.6872334844647395E-4,-4.0190894215183076E-4,0.0017480045628492362,-8.1989652244456E-4,6.536437867812801E-4
Ottawa,2024-07-28T16:27:18,12,-4.726436214153032E-4,-4.675680829680945E-4,-4.675680829675754E-4,-4.957550315434014E-4,7.845498336410759E-6
Toronto,2024-07-28T16:27:18,1,-6.722284560955319E-4,-6.722284560955319E-4,-6.722284560955319E-4,-6.722284560955319E-4,0.0
Montreal,2024-07-28T18:08:49,23,6.086489226902255E-5,-4.627045709637831E-4,0.0011998940853783831,-4.6270457096429687E-4,6.482760091276244E-4
Toronto,2024-07-28T18:08:49,765,3.3131606786970314E-4,2.872566411659998E-4,0.0013267779722818912,-8.028649608612625E-4,5.252045717349693E-4
Winnipeg,2024-07-28T18:08:49,495,-1.1772778863576975E-4,-2.203074301166852E-4,5.246727378111215E-4,-7.835610886109791E-4,4.294829662592552E-4
Calgary,2024-07-28T19:50:18,325,-2.998555126063589E-4,-3.709888371664428E-4,3.8035776737081024E-4,-8.590990910315149E-4,3.3508937783956416E-4
Halifax,2024-07-29T16:08:14,91,8.537395602119667E-5,1.3602705496298996E-4,4.0171194602904066E-4,-3.4832640085393293E-4,2.4204831261991265E-4
Montreal,2024-07-29T16:08:14,245,7.25677029424854E-4,6.334202556342323E-4,0.0021108600776663634,-8.85457484401715E-5,6.937763638888542E-4
Montreal,2024-07-29T17:49:43,234,-3.0431773562076246E-4,-4.342392203398483E-4,0.0010307611664764219,-8.231473746323971E-4,4.652883886746458E-4
Toronto,2024-07-29T17:49:43,774,1.1155054470371967E-4,1.1514402107459728E-4,0.0015157641610141087,-8.91185307410227E-4,5.101915785006493E-4
Montreal,2024-07-30T17:30:37,452,8.383315328892698E-5,-9.390541990675644E-6,9.977173758680647E-4,-7.639828873706456E-4,3.930888896238762E-4
Ottawa,2024-07-30T17:30:37,3108,3.9264359328065575E-5,5.420670471526086E-5,0.0010791262611754206,-9.441015427010246E-4,4.3564111822483645E-4
Toronto,2024-07-30T17:30:37,252,-2.57086449017438E-4,-3.09257392268741E-4,5.408700671982013E-4,-7.627254817640064E-4,3.3566633821631344E-4
Winnipeg,2024-07-30T17:30:37,409,3.9571636025864524E-4,6.084305621166007E-4,0.0010638522217060816,-6.536183063876651E-4,5.921066365056046E-4
Calgary,2024-07-30T19:12:06,25,-1.4870923998423923E-4,-2.077357123427037E-4,3.93951403586137E-5,-2.2019094556641804E-4,8.337787102979241E-5
Halifax,2024-07-31T15:30:01,42,2.3486253670457373E-4,2.3534665524493358E-4,2.3534665524517398E-4,2.1739142825409868E-4,3.7988513523526214E-6
Halifax,2024-07-31T17:11:31,1115,1.6868409713179395E-4,1.6816490447809333E-4,7.87277356722002E-4,-5.651906831193876E-4,3.333052272766036E-4
Ottawa,2024-07-31T17:11:31,314,-1.084952396837133E-4,-1.5620259747230298E-4,5.019146483394973E-4,-6.435934337791755E-4,3.1473751780328E-4
Toronto,2024-07-31T17:11:31,534,-5.626305924972721E-5,-8.669967036660575E-5,0.0010823240736506869,-6.048495415604192E-4,4.0419764690427913E-4
Calgary,2024-07-31T18:53:00,1249,-6.187009566050065E-5,2.3466529934128398E-5,0.0013343575410558193,-7.663857541055369E-4,4.535425187076439E-4
Winnipeg,2024-07-31T18:53:00,377,7.295501233064242E-5,1.0111983032064693E-4,7.806985522625747E-4,-6.645592164284738E-4,3.9247572157228986E-4
Calgary,2024-07-31T20:34:30,1244,1.0355620834707959E-4,1.2562132040182434E-4,8.992418879652859E-4,-9.729205630737152E-4,3.9132133695577554E-4
Montreal,2024-08-01T16:52:23,151,1.4426164598923503E-5,9.89549066556935E-5,4.2182247852901863E-4,-8.168949279936518E-4,3.0423845760977903E-4
Ottawa,2024-08-01T16:52:23,1103,-1.7694382040636417E-4,-2.3243073022127114E-4,5.594997783197088E-4,-7.998060318646863E-4,3.502136408573337E-4
Calgary,2024-08-01T18:33:54,1181,7.058114350913985E-5,-5.1909419730989725E-5,0.0012788423337065321,-8.16642539577164E-4,5.834931752999853E-4
Winnipeg,2024-08-01T18:33:54,767,-5.168778096150233E-5,-3.572156829376571E-5,0.0011403457344231975,-8.954803925010159E-4,4.5743060588753886E-4
Calgary,2024-08-01T20:15:24,1176,-7.357744530133296E-5,-1.821992790513707E-5,0.001214472344147362,-9.796078084054317E-4,4.5672512205697597E-4
Vancouver,2024-08-01T20:15:24,183,-1.944355180340425E-4,-1.597324084707027E-4,0.0015313932672136505,-8.679018301475672E-4,3.373261688269987E-4
Halifax,2024-08-02T16:33:18,605,-5.5799166275979895E-5,-1.4774721086350227E-4,5.475320504050741E-4,-5.045472644272935E-4,2.6917079507833694E-4
Winnipeg,2024-08-02T18:14:47,615,9.884890914601757E-5,1.6485991162538814E-4,9.080833988266816E-4,-8.828589925548543E-4,4.411358771342287E-4
Calgary,2024-08-02T19:56:17,15,2.5080289146504165E-4,2.602167660371218E-4,2.9019337217603587E-4,-4.842822181876479E-4,1.9825532944816847E-4
Winnipeg,2024-08-03T17:55:41,191,-8.378346039827255E-5,-1.5516858181597776E-4,3.2944403557029207E-4,-6.89630222483125E-4,1.980278260040116E-4
Calgary,2024-08-03T19:37:11,163,1.0191153615138327E-4,2.1004333873829374E-4,6.551765532382855E-4,-8.005493436954406E-4,4.6039161820638457E-4
Vancouver,2024-08-03T19:37:11,195,3.275054882665136E-4,1.5467410111217803E-4,0.0012604702056463264,-8.377948543071906E-4,4.994635004795597E-4
Vancouver,2024-08-03T21:18:40,147,2.3460251418325076E-4,5.520897312205685E-5,6.001691435896752E-4,-5.946457743454873E-4,3.473700954140314E-4
Montreal,2024-08-04T17:36:35,102,2.77407265895125E-4,2.3306904162383705E-4,5.11944643221579E-4,-4.964639960491897E-4,1.8557996288522715E-4
Ottawa,2024-08-04T17:36:35,821,1.9743539780772598E-4,1.932348556063705E-4,0.001181735334547649,-9.256363264291391E-4,4.988501033297997E-4
Vancouver,2024-08-04T19:18:04,173,5.124508126135887E-4,8.05654935126966E-4,0.001447144131287082,1.0892605132518704E-5,4.441832278480778E-4
Vancouver,2024-08-04T20:59:34,195,2.2131739479942154E-4,3.2668977002804883E-4,0.0016639736713859646,-5.829214933338809E-4,6.621327640038195E-4
Halifax,2024-08-05T17:17:28,520,1.3008460937800791E-5,5.195003017994367E-5,4.5810766590398405E-4,-3.161951317454068E-4,1.942346452198761E-4
Winnipeg,2024-08-05T17:17:28,100,8.787763432591436E-4,8.975255782869759E-4,0.001082348044854153,-5.741811163129769E-4,2.2537472856106036E-4
Calgary,2024-08-05T18:58:58,42,3.1689717951828436E-4,3.151973651255079E-4,3.79268779210095E-4,2.0337652596546518E-4,2.081302766362033E-5
Winnipeg,2024-08-05T18:58:58,238,7.883955692570982E-5,5.5115491662083317E-5,7.947135018192715E-4,-4.0794784569292864E-4,3.3016252753911835E-4
Vancouver,2024-08-05T20:40:27,95,-1.113205231468867E-4,-2.5348837540197747E-4,6.493670751969505E-4,-8.18575058652685E-4,5.351455594868324E-4
Winnipeg,2024-08-06T18:39:50,103,-1.2980810798772564E-4,-1.1617857613294796E-4,5.511525679698111E-4,-6.825415766802652E-4,3.6976600778595265E-4
Vancouver,2024-08-06T20:21:20,181,-3.916976069077068E-4,-3.076294311003629E-4,5.710705768687744E-4,-9.934211934098732E-4,4.929087361519888E-4
Montreal,2024-08-07T16:39:14,459,-1.6264046622570952E-4,-2.1000293135526186E-4,0.001273865229451042,-9.318397496833352E-4,4.8447825447113377E-4
Ottawa,2024-08-07T16:39:14,3401,2.6394752135868517E-4,2.517490735350913E-4,0.0017240021843475035,-9.76728973910884E-4,6.049973873993764E-4
Toronto,2024-08-07T16:39:14,621,-1.0410405263547034E-4,-1.1026442152160683E-4,7.240410195665655E-4,-5.753634031865976E-4,2.5227102852934857E-4
Montreal,2024-08-07T18:20:43,77,0.0026643259018615992,0.0030287735545584077,0.0031362771987936597,9.892205450611653E-4,5.906062081691827E-4
Ottawa,2024-08-07T18:20:43,3393,3.799261070076941E-4,3.2258840722811273E-4,0.0034319639671628165,-9.030303335757628E-4,7.64158412826258E-4
Toronto,2024-08-07T18:20:43,694,1.2336457070364016E-4,1.042325758257515E-4,0.0013847593590155007,-8.8979265660088E-4,6.52776552239988E-4
Vancouver,2024-08-07T20:02:13,178,-2.345695390149998E-4,-1.0169359092255375E-4,0.0010272332815127027,-8.288573008045553E-4,3.358345645307317E-4
Halifax,2024-08-08T16:20:07,1153,2.0532790417645736E-5,-5.510625521953418E-5,0.0013647767482339059,-9.626270621086447E-4,5.616940284941093E-4
Calgary,2024-08-08T19:43:06,13,2.752975364221138E-4,2.841798122971048E-4,2.8417981229753394E-4,2.1947463587672394E-4,1.7869008203918096E-5
Toronto,2024-08-09T17:42:29,21,2.8013358065032183E-4,2.9773413416401233E-4,4.10351662019444E-4,2.2433146659741005E-4,4.547117645915082E-5
Calgary,2024-08-09T19:23:59,557,1.047596837727951E-4,1.0891984373174005E-4,8.635499980316189E-4,-9.380771080048855E-4,4.053116049928307E-4
Montreal,2024-08-10T17:23:22,418,6.472282350525721E-5,5.468878628897563E-5,0.0011377519695096089,-8.397618657915107E-4,4.5485679772501046E-4
Ottawa,2024-08-10T17:23:22,1680,6.012501926243028E-5,8.48717522065545E-6,0.001390908961185279,-9.426792385056397E-4,4.5807975984199777E-4
Toronto,2024-08-10T17:23:22,21,1.672575575406394E-4,1.794488198355944E-4,1.794488252678437E-4,-2.326669650045462E-5,4.312215711249148E-5
Calgary,2024-08-10T19:04:51,200,9.558905018054696E-5,1.6397574296907134E-4,4.2734097223805716E-4,-7.047080730366732E-4,3.0866083153058185E-4
Winnipeg,2024-08-10T19:04:51,102,4.63868447283102E-4,4.16569621837589E-4,0.00118398899212561,-7.005440070014709E-4,4.774613717582208E-4
Vancouver,2024-08-10T20:46:22,189,1.1040549170772988E-4,1.1739453475454103E-4,7.605351628589144E-4,-4.2652041884121144E-4,3.640253916719424E-4
Halifax,2024-08-11T15:22:46,1264,3.9571966641788084E-4,3.818149302288602E-4,0.0034272344782972056,-9.040770819413284E-4,7.526304856104116E-4
Halifax,2024-08-11T17:04:14,1379,7.895378557767374E-5,8.857895174880114E-5,0.001008439692668907,-9.409579327198045E-4,4.459028273028552E-4
Montreal,2024-08-11T17:04:14,130,4.130070427261656E-5,1.3129884440951677E-4,5.886071012359433E-4,-6.99407944921388E-4,4.251845995071243E-4
Ottawa,2024-08-11T17:04:14,397,-1.7585920759809418E-4,-9.296304912376323E-5,4.984813858754375E-4,-8.965780143632198E-4,3.807339774020726E-4
Calgary,2024-08-11T18:45:45,1249,1.9152857871570662E-4,1.1932278511715191E-4,0.0010729283094425416,-5.840935627940367E-4,4.321295135119853E-4
Winnipeg,2024-08-11T18:45:45,81,1.0750341086288137E-5,-9.043702825947141E-5,7.857700693426467E-4,-5.513014039030214E-4,3.6049326607753845E-4
Calgary,2024-08-11T20:27:13,522,1.3884208649143835E-5,2.9001899114439577E-5,7.039237534634971E-4,-8.809173596107404E-4,4.101901529958861E-4
Vancouver,2024-08-11T20:27:13,56,-1.62494470357322E-4,-7.474207286498067E-5,0.0015080228913569034,-5.457221462607239E-4,5.383828158663007E-4
Halifax,2024-08-12T16:45:08,1390,2.897040129631772E-5,4.86390535235034E-6,0.0013462762581193761,-9.886338375504605E-4,4.247692611602959E-4
Montreal,2024-08-12T16:45:08,45,3.180748431031372E-5,-4.910061139048658E-5,3.906504716728057E-4,-4.493380398705562E-4,3.428409441376E-4
Winnipeg,2024-08-12T18:26:37,121,8.843611775772664E-5,-4.094081305083479E-6,8.516420493836171E-4,-8.848977740860108E-4,3.3474741849756005E-4
Calgary,2024-08-12T20:08:06,68,-3.4064475637574397E-4,-9.41893156504351E-5,1.2430564516047405E-4,-6.972072975788183E-4,2.8920593353295163E-4
Halifax,2024-08-13T16:26:00,1012,5.091250664162599E-6,-8.689808989476029E-5,0.0015975711867224232,-9.161838679583576E-4,4.857594194554032E-4
Montreal,2024-08-13T16:26:00,406,1.1973834133438854E-4,1.626887260742923E-4,8.341363575538886E-4,-9.132933910368163E-4,5.699385555378075E-4
Ottawa,2024-08-13T16:26:00,3206,7.27124647500933E-5,-2.2971617900957953E-5,0.0020575160160674886,-9.45677049458299E-4,6.184011197902414E-4
Ottawa,2024-08-13T18:07:30,3269,1.87105259444615E-4,1.7000188211214207E-4,0.0016319751739513172,-8.29437340144896E-4,5.349539061704383E-4
Winnipeg,2024-08-13T18:07:30,324,-1.0644406922023939E-4,-1.380814938051192E-4,5.0318607827663E-4,-5.997714470144759E-4,2.9441378235302675E-4
Calgary,2024-08-13T19:48:58,93,-1.0605758006914977E-4,-4.654214742855556E-5,7.037509036210108E-4,-7.349163057457075E-4,2.3875683998060026E-4
Montreal,2024-08-14T17:48:22,36,-5.919936894950531E-4,-7.237830500385988E-4,2.1867709734091015E-4,-9.366429294465961E-4,4.4545393960098096E-4
Ottawa,2024-08-14T17:48:22,3115,-1.5473520488327685E-4,-2.0831028432650525E-4,0.0010320142610005679,-9.982170419806779E-4,4.537625854721096E-4
Toronto,2024-08-14T17:48:22,784,-1.3224854736002773E-4,-9.311990006741276E-5,8.387439884251161E-4,-9.39021876548423E-4,4.525470034352015E-4
Calgary,2024-08-14T19:29:51,42,-5.29181270753891E-4,-5.895096014787585E-4,4.3089141399779784E-5,-5.895096255021114E-4,1.550196252250612E-4
Ottawa,2024-08-15T17:29:14,1615,-2.186138023189553E-4,-2.3233688590924958E-4,7.628800231028847E-4,-9.988532896201435E-4,4.388979211181913E-4
Toronto,2024-08-15T17:29:14,729,-2.105154220880956E-4,-2.1758792595349104E-4,9.47928114329185E-4,-9.622644016959084E-4,4.7228825520577433E-4
Vancouver,2024-08-15T19:10:43,76,-2.8042120652622564E-4,-7.613934173144582E-4,0.0012936659914750302,-7.616466847405192E-4,7.908072379823842E-4
Vancouver,2024-08-15T20:52:13,177,2.0420191863854888E-4,2.3353874198446984E-4,4.911828436894094E-4,-9.221559739667748E-4,3.062901518897767E-4
Ottawa,2024-08-16T17:10:05,3029,-2.705575869213695E-4,-2.8387492080995664E-4,0.001501447637564799,-9.86900413409554E-4,3.4868734121070165E-4
Winnipeg,2024-08-16T18:51:36,34,1.8026675983731053E-4,1.1731657286876463E-4,4.332098178566749E-4,8.79556715036837E-5,1.348378669381531E-4
Halifax,2024-08-17T16:50:57,1189,-8.078370888758236E-5,-1.3329108766091773E-4,9.649737039587575E-4,-9.085435885942268E-4,3.901757971448135E-4
Vancouver,2024-08-17T20:13:57,181,-1.4811152763961487E-4,-1.316947686691116E-4,0.0014931068290041228,-5.916219947518245E-4,4.622525258222946E-4
Halifax,2024-08-18T16:31:50,1011,-2.2428562461060284E-5,-4.96519931168495E-5,6.060874438850672E-4,-7.499455823568195E-4,2.552439942287979E-4
Winnipeg,2024-08-18T18:13:19,329,-7.154100341371794E-6,1.6057627053036186E-5,5.110062775203566E-4,-6.681850538093915E-4,2.7401721831754665E-4
Calgary,2024-08-18T19:54:49,794,-5.5998133097709145E-5,-2.8446415651334452E-5,7.366525917180402E-4,-9.943239856522164E-4,4.016951437003873E-4
Halifax,2024-08-19T16:12:41,7,6.269495020509494E-5,4.022248685944797E-5,2.406149914283663E-4,-1.1091844533446525E-5,7.522861941000933E-5
Winnipeg,2024-08-19T17:54:10,155,-5.382607582259725E-5,-1.2387841915589026E-4,2.811161102728988E-4,-4.573123842114644E-4,1.659132529382579E-4
Calgary,2024-08-19T19:35:40,1249,6.666683977268448E-5,1.127252507931691E-4,0.0011323843641825439,-9.661151561896575E-4,4.6201327172035026E-4
Calgary,2024-08-20T19:16:32,678,9.420185667079561E-5,8.834002436972416E-5,8.06771451608152E-4,-4.2942445113463326E-4,3.001488651837554E-4
Winnipeg,2024-08-21T17:15:54,698,2.70139030217892E-4,2.4893776415813783E-4,0.0012421379797169165,-7.023299694999613E-4,4.7162891260416284E-4
Winnipeg,2024-08-21T18:57:24,8,-5.594330662904833E-4,-5.618007271550466E-4,-5.335379407705556E-4,-5.618007271554458E-4,9.347038016421866E-6
Halifax,2024-08-22T15:15:16,669,4.541960329824221E-5,-5.3844924255296885E-5,0.001392054022290213,-8.179364376707037E-4,5.174352708302531E-4
Halifax,2024-08-22T16:56:45,737,2.3169310562311566E-4,2.5395249335086715E-4,0.0011862465180464794,-7.408172241417196E-4,4.251701341442129E-4
Ottawa,2024-08-22T16:56:45,2874,2.0737380864077645E-4,1.928993957243226E-4,0.002001235261560862,-9.624208905740738E-4,5.12386429943995E-4
Toronto,2024-08-22T16:56:45,17,9.145590456766005E-4,0.0010096190962947396,0.001009619135040214,-9.179763242018168E-4,4.526869565962567E-4
Halifax,2024-08-23T16:37:37,450,1.885047902306776E-4,5.951547838318653E-5,0.0014616399069019748,-6.82533835011601E-4,4.3848967877807E-4
Montreal,2024-08-23T16:37:37,439,6.182364276794483E-5,-5.131629799950992E-5,0.0012795730726806182,-9.740151809633659E-4,5.413533560068722E-4
Ottawa,2024-08-23T16:37:37,3498,1.8989664011184802E-4,2.2283160219534174E-4,0.00142432446591654,-8.770021377140098E-4,4.545926322160969E-4
Winnipeg,2024-08-23T18:19:06,795,1.5638445313964362E-4,1.906999380100526E-4,0.001021399861202346,-9.767606388780305E-4,5.011856711224285E-4
Calgary,2024-08-23T20:00:36,1250,1.058305509493036E-4,1.127405517049702E-4,0.0015746849821908768,-9.336140938119982E-4,4.7011450831062075E-4
Halifax,2024-08-24T16:18:27,1334,1.4468688044450925E-4,1.588336746881075E-4,0.0015403990400965671,-9.820964415167277E-4,5.927348621436476E-4
Montreal,2024-08-24T16:18:27,137,4.092209272978123E-4,4.453103203085015E-4,9.450477884851697E-4,-8.328715339308742E-4,3.2894126342393617E-4
Ottawa,2024-08-24T16:18:27,1624,1.8530538288265467E-4,2.596887747477469E-4,9.778774374669332E-4,-8.723107289556017E-4,5.412770855717683E-4
Toronto,2024-08-24T17:59:58,198,-3.2004462229671294E-5,-6.626356017911102E-5,7.091396729565176E-4,-8.99442704395078E-4,4.3759705076703605E-4
Winnipeg,2024-08-24T17:59:58,351,1.577883077184114E-6,-1.9445654762808223E-4,7.468351977882453E-4,-4.087782402727196E-4,3.7658031218131E-4
Calgary,2024-08-24T19:41:26,1231,4.909899066167569E-4,4.495891408970617E-4,0.0018384626600911338,-6.652827723890325E-4,4.920786684090859E-4
Halifax,2024-08-25T15:59:19,1006,2.98415368563828E-5,5.984989832098218E-5,8.706751667083049E-4,-7.918358050429541E-4,3.580209712347826E-4
Ottawa,2024-08-25T17:40:48,2430,6.353617747434805E-5,7.158043578474252E-5,0.0012363268760972775,-8.84162727743995E-4,4.165128241931371E-4
Toronto,2024-08-25T17:40:48,507,5.673851352552486E-5,5.447107300086735E-5,0.001364557771013125,-9.73712652922346E-4,5.413309328344912E-4
Calgary,2024-08-25T19:22:17,332,2.1182610848094675E-4,8.38026267511348E-5,0.001281861385252314,-8.854777908036249E-4,5.932357081726069E-4
Montreal,2024-08-26T17:21:40,285,7.142175026029542E-6,-4.627082549279149E-5,7.865717634566531E-4,-5.751079297630269E-4,4.179071835603393E-4
Ottawa,2024-08-26T17:21:40,1852,-1.6333054085260264E-4,-1.556857484328249E-4,9.708611178211643E-4,-9.926334093659781E-4,3.912807571509355E-4
Toronto,2024-08-26T17:21:40,639,-8.223870426479631E-5,-1.731759474970414E-4,0.001455140067265438,-8.091565687217446E-4,4.50847659412405E-4
Winnipeg,2024-08-26T17:21:40,776,6.155064161601037E-4,6.133111163474347E-4,0.0017471962439015965,-7.936572073961099E-4,5.611344006490433E-4
Calgary,2024-08-26T19:03:09,389,1.6190618661242722E-4,1.715584501662428E-4,9.175172890518755E-4,-4.871562259996945E-4,3.249956828503577E-4
Halifax,2024-08-27T17:02:30,740,2.372819145227926E-5,-3.0035539409186957E-5,0.0010415483266122349,-8.382531814282935E-4,5.06530717220747E-4
Ottawa,2024-08-27T17:02:30,525,-9.261620187395327E-5,-4.1952639229911415E-5,0.0010591866448532187,-9.803954744718258E-4,4.5629000001862647E-4
Toronto,2024-08-27T17:02:30,91,2.0817436429438574E-4,2.7650404087103145E-4,3.405911440573727E-4,-6.913994180538662E-4,2.383201055016194E-4
Vancouver,2024-08-27T20:25:29,108,4.966837034474259E-4,5.993515951559327E-4,8.173195765056705E-4,-4.702105070469425E-4,3.8022305845894673E-4
Montreal,2024-08-28T16:43:21,439,-3.79526288863268E-5,7.898971545048723E-6,0.0010550657752904351,-9.998254245153983E-4,4.1731429068994944E-4
Ottawa,2024-08-28T16:43:21,671,-4.012983349935229E-5,-4.282600008558669E-5,7.544043473906895E-4,-6.155110895637929E-4,3.7702329571568787E-4
Vancouver,2024-08-28T20:06:20,152,-6.614891634846833E-5,-2.2709307212534773E-4,0.0010140880476701608,-9.88340024243899E-4,5.770199463646842E-4
Halifax,2024-08-29T16:24:12,1038,-1.2770990285085017E-4,-1.3121106106980533E-4,9.909245418376522E-4,-9.681851370266775E-4,4.7962697282475866E-4
Montreal,2024-08-29T16:24:12,425,6.087106580817064E-4,5.548610632590734E-4,0.0022794045507930623,-3.706585989466806E-4,7.123870661868128E-4
Ottawa,2024-08-29T16:24:12,3229,4.907996954503294E-4,4.415394396970395E-4,0.003231693757697578,-8.531274506828093E-4,7.669256184782901E-4
Toronto,2024-08-29T16:24:12,22,0.0017022594105651884,0.0017172857187681089,0.0017172857634676823,4.377830826367204E-4,2.6526107673189165E-4
Montreal,2024-08-29T18:05:41,460,9.802625022100934E-4,8.470044380075876E-4,0.002959387376907442,-8.97021323907741E-4,0.0011405144863624633
Ottawa,2024-08-29T18:05:41,3282,3.656606928651909E-4,2.218487610553525E-4,0.0025229582097398696,-9.701313101693206E-4,8.517928242192971E-4
Toronto,2024-08-29T18:05:41,184,5.574408660134013E-4,8.296275208764252E-4,0.0010754042685799982,-2.8092716820546127E-4,5.347123635247734E-4
Calgary,2024-08-29T19:47:11,1220,1.2413096909556944E-4,5.829793343594503E-5,0.0018743214895982462,-9.165850351581064E-4,5.076512487785319E-4
Vancouver,2024-08-29T19:47:11,169,5.272085386071606E-5,8.266812994190367E-5,9.793044462630702E-4,-7.683240692145033E-4,5.006717136900134E-4
Halifax,2024-08-30T16:05:02,1384,1.4463499374798083E-4,1.2904245436639212E-4,0.0020697531688129325,-9.642110671854688E-4,6.038616044792123E-4
Montreal,2024-08-30T16:05:02,47,-1.803795519209782E-4,-1.1269472452113145E-4,1.3145706068153626E-4,-7.710130885248716E-4,2.3280884792453377E-4
Toronto,2024-08-30T17:46:31,795,3.19575522043362E-5,-5.956750657882567E-6,0.0011189173674214126,-9.91444219835784E-4,4.619707451401972E-4
Winnipeg,2024-08-30T17:46:31,783,1.2690706724964E-4,1.7949497585687324E-4,6.323844118806262E-4,-7.206545560625679E-4,3.4911622964710234E-4
Calgary,2024-08-30T19:28:00,488,2.4486663182034886E-4,2.0212107819472764E-4,0.0015704869292704681,-9.31222049986755E-4,7.472162701225106E-4
Vancouver,2024-08-30T19:28:00,154,5.341222978709784E-4,-1.3981826088680564E-4,0.0023754297967073694,-7.599177408327833E-4,0.001044168029922932
Winnipeg,2024-08-30T19:28:00,171,6.127795845754821E-4,4.194607608951477E-4,9.427718880223542E-4,2.0144276986731218E-4,3.1510975332416785E-4
Vancouver,2024-08-30T21:09:30,184,4.815526183715944E-4,3.9575525336320213E-4,9.456429979780924E-4,-5.245050999085689E-4,3.724214901329396E-4
