city,hood,mean,stdDev
Vancouver,Downtown,25.644184054825928,26.20089951789126
Vancouver,Hastings-Sunrise,5.744326227726097,4.248386302126798
Vancouver,Kerrisdale,6.1664058824572185,3.6817249889980532
Vancouver,Marpole,6.045115539406192,4.1637148187273985
Vancouver,Oakridge,5.758444327031612,3.9745214452147817
Vancouver,Riley Park,5.810693474932094,2.8158312365307245
Vancouver,South Cambie,6.975587989265249,4.793134396651725
Vancouver,Shaughnessy,6.376554061426876,3.2710333119165824
Vancouver,Victoria-Fraserview,4.934880796668837,2.5043379926836344
Vancouver,Dunbar-Southlands,6.01770628735442,3.0238194480949594
Vancouver,Fairview,10.873854982659642,8.234854219960503
Vancouver,Mount Pleasant,8.829850615003418,6.888106869589457
Vancouver,Renfrew-Collingwood,5.696307164879674,4.649988244507537
Vancouver,West End,16.418180219793904,17.962308899423572
Vancouver,Arbutus Ridge,6.051369044915805,4.0799403138322035
Vancouver,Grandview-Woodland,7.090183137087328,4.313597921963935
Vancouver,Kensington-Cedar Cottage,5.527194680672219,2.8941195401021496
Vancouver,Killarney,5.408756026030665,3.251323261345437
Vancouver,Kitsilano,7.653184691885883,3.7212501314861908
Vancouver,Strathcona,8.740422806614367,6.066016363797179
Vancouver,Sunset,5.4264155682370605,2.7112127765862795
Vancouver,West Point Grey,6.563767451602772,3.1397369782935534
Calgary,Cityscape,6.080246124769717,2.7513058978281326
Calgary,Stoney 1,10.1142113145479,2.6166757168126935
Calgary,Martindale,4.809354767999028,2.3150571189017204
Calgary,Royal Vista,6.555231021709778,2.9023827522243812
Calgary,Hidden Valley,5.3141218447559275,2.2748971543117875
Calgary,Macewan Glen,4.913269405644121,2.018698862079001
Calgary,Edgemont,5.521416946979224,2.278179841545374
Calgary,Saddle Ridge Industrial,6.761955198647814,4.460655964262443
Calgary,Saddle Ridge,5.442783268905863,2.6084886708790136
Calgary,Beddington Heights,4.545989266718115,2.0090063258181567
Calgary,North Haven Upper,4.1117998904766635,2.087152474310388
Calgary,Sandstone Valley,5.051244938342076,2.1303540999083515
Calgary,Nose Hill Park,7.883719812041959,4.125989248740067
Calgary,Sage Hill,6.518016178912474,2.9163039293703776
Calgary,Homestead,,
Calgary,Country Hills,5.4465634742348055,2.6094801236334333
Calgary,Redstone,6.025787977836,2.9530396824824288
Calgary,Deerfoot Business Centre,7.758714064376181,2.7798435858490236
Calgary,Skyview Ranch,6.169143446023238,3.560024303804819
Calgary,Stonegate Landing,8.931169614762029,3.581688667008399
Calgary,Cornerstone,6.017297769141624,2.1614832844849925
Calgary,Livingston,6.0100840692934785,2.517197144227417
Calgary,Hamptons,5.7426321647411385,2.361864560086664
Calgary,Aurora Business Park,6.6918890809108795,3.3146507513279406
Calgary,Harvest Hills,5.086214309138074,2.1138251215984765
Calgary,North Haven,4.362559373678487,2.342781691119037
Calgary,Castleridge,4.245017488749457,2.0491066650949046
Calgary,Kincora,6.058044133800618,2.7148481256329404
Calgary,02c,7.612711876104241,4.02805635263016
Calgary,Nolan Hill,6.133334807817945,2.792771946888507
Calgary,Deer Ridge,4.839871128555801,2.190187838742663
Calgary,Greenview Industrial Park,5.664599451452377,2.627054029161226
Calgary,Highwood,4.331141539681429,2.4958763816594587
Calgary,Tuxedo Park,5.371005387853609,3.057866025122369
Calgary,Highland Park,5.012726533585616,2.853321092023313
Calgary,Greenview,5.134869393842495,3.010951365736711
Calgary,Crescent Heights,6.609102509918496,3.8664151944432352
Calgary,Winston Heights/Mountview,4.893854091088542,3.0890305338242543
Calgary,Vista Heights,5.1487649793248025,3.3240735148322944
Calgary,Skyline West,6.073504033818975,2.191300979418786
Calgary,Queens Park Village,6.91915027436756,3.7374200802711526
Calgary,Rosedale,5.552991297128165,2.6915510480113043
Calgary,Glenbrook,4.96400307709316,2.560071025072176
Calgary,Rosscarrock,5.045753782410721,2.6587398544057246
Calgary,Westgate,4.4346025351957765,2.4158964033283468
Calgary,Glendale,4.542329151218221,2.578552543250441
Calgary,Chinook Park,4.943658819661078,2.7325050588590436
Calgary,Willow Park,5.2659100190058625,3.2936959628577465
Calgary,Kingsland,5.209169025368754,4.4297618536930266
Calgary,University Of Calgary,13.274877743712342,10.430965043946097
Calgary,Killarney/Glengarry,5.641770398178572,2.763929119842697
Calgary,Wildwood,4.548664334176601,2.370793631580959
Calgary,Hillhurst,8.383709480815735,6.666686274452517
Calgary,University District,12.107928434906547,8.371270862179871
Calgary,Ranchlands,5.131453163181243,2.4215509982489256
Calgary,Montgomery,5.00952982829153,2.850652682649165
Calgary,Parkdale,5.984254474251142,3.1837601355415113
Calgary,Brentwood,5.145746139719998,4.113251307688255
Calgary,Dalhousie,4.959962274010995,3.27343718604604
Calgary,Charleswood,4.738209441143662,2.5643842872237332
Calgary,Rideau Park,7.491407730934675,4.031863618138171
Calgary,Lower Mount Royal,9.517118245629977,4.793731740880719
Calgary,Bankview,7.146251063609496,3.468479984280835
Calgary,South Calgary,6.452475479531257,3.5764702759067344
Calgary,Meadowlark Park,6.454772756358619,4.588919178665479
Calgary,Elboya,5.736016442207113,4.497439191078709
Calgary,Manchester,7.740538731347319,7.321817130667251
Calgary,Downtown West End,19.049677377376916,22.612050146993344
Calgary,Sunnyside,7.0741479551708375,4.242373121328103
Calgary,Downtown East Village,13.555277467266723,13.409629043756071
Calgary,Beltline,14.849437561325896,16.79171288431678
Calgary,Downtown Commercial Core,36.75537161501738,39.99644536758002
Calgary,Eau Claire,30.74889433056119,39.94066754357511
Calgary,Chinatown,21.31489297266002,21.07402226316139
Calgary,East Fairview Industrial,7.210287246763077,2.6960701447004114
Calgary,Acadia,4.909578014421823,3.433572446408573
Calgary,Haysboro,5.139304320922362,5.715466142278
Calgary,Collingwood,4.6071802295326565,2.425261813023811
Calgary,Fairview Industrial,6.036460313630207,2.8421227590409193
Calgary,Cambrian Heights,4.610464844784334,2.4716608917099396
Calgary,Mount Pleasant,5.251144869097602,2.8572794192261712
Calgary,Capitol Hill,5.081298347234343,2.793424180711468
Calgary,Fairview,4.243450827069344,2.6509308654843156
Calgary,Rosemont,4.561555044867394,2.3772845850563775
Calgary,Spruce Cliff,6.9090344382987805,8.393091208159
Calgary,Erlton,9.13986293790629,5.648300881776154
Calgary,Britannia,5.53473633969723,2.6832327848647974
Calgary,Mission,11.782121812254175,9.631777556899344
Calgary,Bel-Aire,5.676440777887796,2.7917538182216948
Calgary,Elbow Park,6.360625757158288,3.1107086983128633
Calgary,Roxboro,5.9217373439874965,2.9095779974230855
Calgary,Forest Lawn,4.394263865841852,2.3780970133377073
Calgary,Windsor Park,6.069393612957725,3.513676738480245
Calgary,Altadore,5.749307362340193,2.866096587696876
Calgary,Hounsfield Heights/Briar Hill,6.106234267546993,4.582807310298588
Calgary,Banff Trail,5.0517431335275464,3.8684264773775703
Calgary,Renfrew,5.408132856009334,3.1781806076779064
Calgary,Coach Hill,5.7951557580525455,3.6139330996569092
Calgary,Canada Olympic Park,8.714428507076915,5.390761595963397
Calgary,Currie Barracks,7.11709523458743,3.8848104397863295
Calgary,Christie Park,5.743363038091762,2.2773436930899136
Calgary,Bayview,5.6860134499973025,2.7149889778906977
Calgary,Pump Hill,5.75348932990174,2.718290130179511
Calgary,Garrison Woods,6.395438379831927,3.2482274703874623
Calgary,Richmond,5.742153888548678,3.188713425791616
Calgary,Rutland Park,4.8992555162184335,2.4217672930101988
Calgary,Palliser,5.855519469750354,4.415349983053424
Calgary,Highfield,6.2039063651017194,2.4025799747486687
Calgary,Ramsay,5.436394859399755,3.085795496492083
Calgary,St. Andrews Heights,10.368131862752819,11.019710179257757
Calgary,University Heights,5.895405617271912,4.49859405419704
Calgary,Southwood,5.037350147393798,4.837738300725477
Calgary,Patterson,6.341701114686706,2.705539913546824
Calgary,Inglewood,6.349247008919239,3.9273088566753693
Calgary,Alyth/Bonnybrook,7.516778313999565,5.405832169137382
Calgary,01b,8.234905523198787,4.542810099852992
Calgary,Braeside,4.6411209206045765,2.4785228088489446
Calgary,Maple Ridge,4.2782320339640965,2.402514300921591
Calgary,Garrison Green,6.411289923408298,3.468485535181497
Calgary,North Glenmore Park,4.723507906999254,2.542367946106239
Calgary,Varsity,5.80413578409813,3.7718394328576044
Calgary,Medicine Hill,,
Calgary,Upper Mount Royal,6.567222614114187,3.211925174759711
Calgary,Cliff Bungalow,8.177076684500602,5.117088983423547
Calgary,Arbour Lake,5.414568790212208,2.7311423048542625
Calgary,Hawkwood,5.201308028801553,2.1968171542252124
Calgary,Citadel,5.220592385334604,2.2437449373106193
Calgary,Lincoln Park,10.03126950591482,5.757484287467449
Calgary,Forest Heights,4.183627138884545,2.189256493281891
Calgary,Dover,4.479944304366684,2.5807901581860406
Calgary,Mayfair,5.309374640129636,2.8054501846724698
Calgary,Erin Woods,4.569493160631447,2.1746011336507975
Calgary,Southview,4.243629734449418,2.286958132212205
Calgary,Eagle Ridge,8.619573274449511,6.985637830062652
Calgary,Golden Triangle,5.846893533636949,2.068886548639929
Calgary,Forest Lawn Industrial,6.851922760344155,3.1926360656950927
Calgary,Kelvin Grove,6.45225316632155,5.478851938265417
Calgary,Bridgeland/Riverside,6.678230022260889,4.900083342597715
Calgary,Albert Park/Radisson Heights,4.872566070138911,3.088108764071914
Calgary,Red Carpet,4.505042970237246,3.876443942387955
Calgary,09q,6.636727558129509,2.9139985994453554
Calgary,Penbrooke Meadows,3.972548343787378,2.1682798121383304
Calgary,Manchester Industrial,6.1628426450644875,3.094993693608471
Calgary,Parkhill,6.079776989565258,2.9184542871985064
Calgary,Seton,12.60722332996497,14.791161165510786
Calgary,Glamorgan,5.009383456955425,3.369907810669978
Calgary,Greenwood/Greenbriar,3.441938349787989,1.677780107765709
Calgary,West Springs,5.912554194355474,2.5607343971286833
Calgary,Signal Hill,5.770720599548585,2.5937131828375275
Calgary,Copperfield,5.718343326691163,2.9280840354565356
Calgary,Ricardo Ranch,3.3614823190789473,1.9090974525960953
Calgary,Moraine,3.1541024002374387,2.3157206199035243
Calgary,Carrington,2.6394512469951925,3.3508277497876717
Calgary,Evanston,5.953376328411241,2.6268828493022576
Calgary,Lakeview,4.948793690594253,2.6762569105643994
Calgary,Discovery Ridge,6.268344068936236,2.857576422803686
Calgary,Silverado,5.725787302903197,2.6873630522204754
Calgary,Starfield,8.769093446953352,2.805794601368805
Calgary,Millrise,5.222019892947987,2.6024701292283
Calgary,Pine Creek,3.2721453081837018,1.9758996561797597
Calgary,Strathcona Park,5.637846014478311,2.2311766927959114
Calgary,Belmont,3.6553272637795278,2.002597092197727
Calgary,Somerset,5.3598548936979045,2.583125952891168
Calgary,Oakridge,5.072682659617992,2.4263584834299414
Calgary,Crestmont,6.143517519938452,2.355408804965127
Calgary,Shawnessy,5.14639630054358,2.2944661053502196
Calgary,Glenmore Park,1.4484009870385648,2.966942816115678
Calgary,Great Plains,10.04783323800542,2.586150564004144
Calgary,Section 23,8.788420617386217,2.966551922638626
Calgary,Cedarbrae,4.7693734545643744,2.30588957673562
Calgary,Yorkville,0.049664121685606064,0.0055444344580234065
Calgary,Douglasdale/Glen,6.031342862080964,3.7007137670203956
Calgary,Diamond Cove,5.100209044897601,2.196071401915124
Calgary,Queensland,4.416422613821848,2.332342676096891
Calgary,Canyon Meadows,4.873005111086974,2.4802358306590135
Calgary,Parkland,4.461607492258273,2.3347031563901908
Calgary,Midnapore,5.0377040302729466,2.9206027678503945
Calgary,Woodlands,5.014474551499701,2.295155429165531
Calgary,Woodbine,5.053696047075615,2.1043381351275996
Calgary,Shawnee Slopes,5.810242982657136,4.372684502123851
Calgary,Deer Run,4.837401495931498,2.2678195939418933
Calgary,Rangeview,,
Calgary,Mahogany,6.307822512805974,3.3106349093087792
Calgary,Auburn Bay,6.062112631088083,2.839644333507238
Calgary,Stoney 2,10.760171751511153,3.3001278725888286
Calgary,Calgary International Airport,9.03028706110756,5.115829555046289
Calgary,Springbank Hill,6.018686660131314,2.820059841527696
Calgary,Aspen Woods,6.471337505548417,2.7563755629607085
Calgary,Coral Springs,5.197397439630414,2.3500582047467327
Calgary,Bonavista Downs,4.05122798742175,2.1628854855308375
Calgary,Marlborough Park,3.992276803578028,2.032664590793093
Calgary,Bowness,4.649087377815151,2.7480870670870527
Calgary,Foothills,8.001796736843115,2.7747090680573323
Calgary,Applewood Park,4.806989493712697,2.704520444666156
Calgary,North Airways,7.0754413082283385,3.049951940039203
Calgary,Westwinds,8.058253318521384,2.8595216370316145
Calgary,Alpine Park,3.008752071496212,2.177912865172214
Calgary,Falconridge,4.396237204614481,2.1815087486788607
Calgary,Shepard Industrial,7.2300882675633975,3.7029633375175655
Calgary,Riverbend,4.928806452100628,2.0187356711222098
Calgary,Cranston,5.826815518206524,2.5649837909803526
Calgary,Pegasus,5.90020064327619,3.142322531788589
Calgary,South Airways,7.024980807729213,2.6507177058558327
Calgary,Meridian,7.429266785181028,4.4311502122242725
Calgary,Valley Ridge,5.780878149263668,2.348762211283002
Calgary,Mayland,7.393145330564317,3.1559802903930203
Calgary,Haskayne,4.802972372025164,2.950398567791927
Calgary,Lake Bonavista,4.811271236289813,2.7428995595455454
Calgary,Pineridge,4.338447791026231,2.295033245354286
Calgary,East Shepard Industrial,9.118615079252097,3.2704197767441285
Calgary,Scenic Acres,5.287525720210887,2.1020875162953634
Calgary,Temple,4.351374308539279,2.1169069520750265
Calgary,Legacy,6.497488191759046,3.402038714281277
Calgary,Walden,6.230582659654613,2.9840333181881222
Calgary,Monterey Park,4.6554139421647145,2.1237120585632803
Calgary,Mccall,6.02556980338179,2.216322438919677
Calgary,Mckenzie Lake,5.333611281947487,2.2114489426378525
Calgary,Silver Springs,4.689546703877871,2.314692702249712
Calgary,South Foothills,6.835467133777726,3.0304785031870956
Calgary,Wolf Willow,4.798938927283654,3.496360408069005
Calgary,Sundance,5.357146589505728,2.648017254563935
Calgary,Franklin,6.99848085508661,2.6469418684572146
Calgary,Abbeydale,4.171030963464361,2.0479183950163375
Calgary,Belvedere,6.501334542961997,2.1448527515767606
Calgary,Mayland Heights,4.4670806420311395,2.5119965361891703
Calgary,Ogden,4.514179723227275,2.5011995578359016
Calgary,Fish Creek Park,4.413937247750226,3.3857376432821717
Calgary,Burns Industrial,6.542646828604354,2.73837406807398
Calgary,Glendeer Business Park,6.044170841507848,2.084032001251093
Calgary,Marlborough,4.183577843013757,2.231566861300445
Calgary,Whitehorn,4.270151169710296,2.0213441289059313
Calgary,Thorncliffe,4.195425510490001,2.235132789045424
Calgary,Rundle,4.157880488922337,2.099322483000705
Calgary,Huntington Hills,4.248814261112313,2.2709586929488497
Calgary,Sunridge,8.072189977137096,4.5535957230756905
Calgary,Horizon,8.251095731069334,3.4869344687883745
Calgary,West Hillhurst,5.6952242849816015,2.9246360762323076
Calgary,Scarboro,5.760253018941154,2.701506151515916
Calgary,Sunalta,7.710295121003461,4.210174563076784
Calgary,Shaganappi,5.599555718256299,3.0826601536981535
Calgary,Panorama Hills,5.913624827705078,2.5871014723969012
Calgary,Mckenzie Towne,5.546569953184427,3.0000794398804858
Calgary,Cougar Ridge,5.899764769523774,2.3658695045182108
Calgary,Chaparral,5.716157311777314,2.3439763974588854
Calgary,Coventry Hills,5.00546240924632,2.1690870479148145
Calgary,Taradale,5.066009882563193,2.535392700994918
Calgary,New Brighton,5.7661364401083235,2.7182041109126613
Calgary,Sherwood,6.638057735392646,2.7464531553105207
Calgary,Rocky Ridge,6.1667829336111515,2.6575192525936506
Calgary,Bridlewood,5.5663583052817325,2.536070331286586
Calgary,Tuscany,5.886978050052754,2.498513703319035
Calgary,Royal Oak,5.8418568793626715,2.6608171493352066
Calgary,Evergreen,5.799228954631033,2.589724146001285
Calgary,Country Hills Village,8.071516484301712,4.212112678550094
Calgary,Scarboro/Sunalta West,5.110435276631289,2.596433073656839
Winnipeg,Riverview,5.323920667913915,3.918424156731174
Winnipeg,Bridgwater Trails,,
Winnipeg,Bridgwater Lakes,5.0350145076640755,2.5121865859446846
Winnipeg,Meadowood,3.7551976668245333,2.792646778937287
Winnipeg,Royalwood,4.25641243539356,2.332166753544326
Winnipeg,Spence,6.498865819743804,4.252437535527788
Winnipeg,St. Matthews,5.429985530629897,3.837959945149405
Winnipeg,Dakota Crossing,4.194003164392828,2.8690109841936633
Winnipeg,St. John's,4.774394936564625,3.305097969670442
Winnipeg,Crescentwood,6.530901282990911,3.8976558441358424
Winnipeg,Wellington Crescent,6.3478324586361055,3.5688755858549404
Winnipeg,Rockwood,4.7102319723903765,4.293307683772302
Winnipeg,Kensington,4.659615010745479,2.584447350842542
Winnipeg,Chevrier,6.908478417138475,3.475974446551279
Winnipeg,Southboine,4.742847665403073,3.025589225477884
Winnipeg,Ridgedale,5.158964241899395,3.044957638989791
Winnipeg,Dufferin Industrial,5.129424303548557,3.8363285824422633
Winnipeg,Burrows Central,3.5932899118087636,2.4934087531143843
Winnipeg,Archwood,4.053598559252214,2.9767304416076272
Winnipeg,Inkster-Faraday,3.759080289591417,2.7771918688161175
Winnipeg,River West Park,4.1639315524658596,2.3803780475230005
Winnipeg,Minnetonka,4.397246024358891,2.963187947019794
Winnipeg,Booth,5.134281063580519,5.090891024095818
Winnipeg,Fairfield Park,5.145271301353772,3.802776449597497
Winnipeg,Niakwa Park,4.9043668425437374,4.631256840048234
Winnipeg,Valhalla,10.49109048313052,8.64316158706585
Winnipeg,River East,3.788652783011202,2.5683937719026924
Winnipeg,Norwood East,4.962793477928557,3.48933067862022
Winnipeg,Linden Ridge,4.788467249944399,3.1901408845334456
Winnipeg,Templeton-Sinclair,4.089938966151646,2.6191920011341687
Winnipeg,Cloutier Drive,5.4153142058091355,4.030853804656866
Winnipeg,West Fort Garry Industrial,5.954479596247018,2.6496824420849197
Winnipeg,Kingston Crescent,7.305218465952947,4.737224969972765
Winnipeg,Roblin Park,4.392276408773974,2.880435000330154
Winnipeg,Jefferson,3.511421660602708,2.607875160138338
Winnipeg,Pacific Industrial,6.41539046223042,3.457170711323495
Winnipeg,Perrault,3.939571894822076,2.706539148448978
Winnipeg,J. B. Mitchell,4.573569554246767,3.108602322657152
Winnipeg,Trappistes,0.3221243739670197,1.5564916012450707
Winnipeg,Tuxedo Industrial,7.901759017344212,4.712355193247087
Winnipeg,South Tuxedo,4.610519166914285,3.221017247218817
Winnipeg,Elmhurst,4.095156079188509,2.3699310675505707
Winnipeg,Melrose,4.359012241625245,3.0390306206163533
Winnipeg,Victoria West,4.085424408989176,2.777044480640635
Winnipeg,St. Vital Centre,6.557234546541388,2.6587978809242063
Winnipeg,Tissot,3.6931135500934213,2.4449584546377485
Winnipeg,Fort Richmond,4.365368627085216,3.138140420687661
Winnipeg,Dufresne,4.383977627383702,2.9899734431100278
Winnipeg,West Alexander,7.636689158642091,7.11991179509587
Winnipeg,Pembina Strip,7.7776547597629175,6.504466239344042
Winnipeg,Turnbull Drive,3.928509862289816,2.725025948097276
Winnipeg,Agassiz,4.4284909801948364,3.198537444379945
Winnipeg,Armstrong Point,7.029364890625662,4.057820580901575
Winnipeg,Vialoux,4.682422025735846,3.168225763406244
Winnipeg,River Park South,4.068221856120329,2.4909196546215253
Winnipeg,St. George,3.651753903614342,2.7632309992266237
Winnipeg,Birchwood,6.276187624185031,6.096659324416023
Winnipeg,Wildwood,7.02658263271004,4.59322190368038
Winnipeg,Parker,3.40296569692692,1.9167285433951522
Winnipeg,Portage-Ellice,18.476555620791498,14.755634364176206
Winnipeg,Airport,9.004172932461678,5.923012704461718
Winnipeg,King Edward,4.181797309083718,3.0491567093656404
Winnipeg,Wolseley,6.4428343708135545,3.561752516960182
Winnipeg,Omand's Creek Industrial,6.813951361663098,3.4724505007167545
Winnipeg,West Wolseley,7.809258658831732,5.548096181590846
Winnipeg,Sir John Franklin,4.540403957619284,2.8516890449210783
Winnipeg,Crestview,3.8832087266165485,2.484409568874812
Winnipeg,Heritage Park,4.851919745207178,4.452479574537588
Winnipeg,Inkster Industrial Park,6.710302952578561,2.8451028334241335
Winnipeg,Sturgeon Creek,4.382503418361019,3.6870759897225382
Winnipeg,St. James Industrial,6.256324180432741,2.8234950591705146
Winnipeg,Grassie,4.1890145434379775,2.59453840457641
Winnipeg,Rosser-Old Kildonan,3.5733509090852262,2.461987538230067
Winnipeg,Seven Oaks,4.038634134633326,2.906206893634159
Winnipeg,Kildonan Park,7.061036750470592,5.661784450962709
Winnipeg,North Transcona Yards,1.437798511345638,2.342397605565355
Winnipeg,Springfield South,3.4934068303151444,2.0367504194252626
Winnipeg,Eaglemere,4.561747226672624,2.951590234673492
Winnipeg,The Maples,3.4166560078191317,2.5101362754612233
Winnipeg,Mynarski,3.3286101624782516,2.47432121866179
Winnipeg,Leila-Mcphillips Triangle,4.661241699889691,2.820278291586921
Winnipeg,Springfield North,3.805833129477672,2.2886120707228295
Winnipeg,Riverbend,3.642105367511851,2.1168888322657584
Winnipeg,West Kildonan Industrial,4.8319147065401875,3.090922150020334
Winnipeg,Weston,4.110424086348393,2.9566750398106096
Winnipeg,Brooklands,3.6970517829739173,2.5025184648670877
Winnipeg,Central St. Boniface,6.651452677757058,5.758485323033604
Winnipeg,Mandalay West,3.5362613629985717,2.0236148613307483
Winnipeg,Kil-Cona Park,3.8048529154338677,2.4450871992881393
Winnipeg,Assiniboia Downs,2.280221242615286,3.491411280648006
Winnipeg,Buchanan,3.622399927522971,2.334391591012261
Winnipeg,Oak Point Highway,5.295304262069384,2.2167916592517307
Winnipeg,Luxton,5.112666497033942,3.388769727193398
Winnipeg,Inkster Gardens,3.3764844782885732,1.8799701756985723
Winnipeg,North Inkster Industrial,6.781492401556221,3.17349823938715
Winnipeg,Tyndall Park,3.272392902826299,1.8467698764453957
Winnipeg,Rossmere-A,3.8854524185075037,3.30815825038498
Winnipeg,Amber Trails,4.3626033984458825,2.51436773527845
Winnipeg,Rossmere-B,3.3320405196684013,2.3983716647023736
Winnipeg,Mcleod Industrial,6.613637556891739,2.631765014161574
Winnipeg,Valley Gardens,3.854326172504242,2.7714199553011323
Winnipeg,Stock Yards,5.1989879711958356,3.4016042264991864
Winnipeg,Mission Industrial,5.866364382268398,3.3465916260831543
Winnipeg,Symington Yards,4.143567951771591,4.270534841828705
Winnipeg,Maginot,4.2033123838368756,2.677601254204867
Winnipeg,The Forks,12.401901404327216,11.331443005503717
Winnipeg,Tyne-Tees,4.949564084842317,2.4856253408794675
Winnipeg,East Elmwood,3.519465731268204,2.406983182907416
Winnipeg,North St. Boniface,4.688080416088798,4.081502928168182
Winnipeg,Talbot-Grey,3.538025182956112,2.669690683103328
Winnipeg,St. John's Park,5.765648796843645,3.647873767843435
Winnipeg,North Point Douglas,5.667015896888353,3.842752202769724
Winnipeg,Glenelm,4.528707773576775,3.140810218674381
Winnipeg,Elm Park,5.501527998819885,3.635439875760757
Winnipeg,Assiniboine Park,4.546785344038678,3.297864298334589
Winnipeg,Portage & Main,33.59844816353155,39.20802231743369
Winnipeg,Norwood West,4.760950749766134,3.1709961718790387
Winnipeg,Westwood,3.834372883296124,2.470048913650413
Winnipeg,River-Osborne,8.252663588707957,6.877970190763136
Winnipeg,Glenwood,4.357433390252624,3.1063238161923583
Winnipeg,Lord Roberts,5.331894641824532,3.5495275232995485
Winnipeg,Saskatchewan North,0.17683955809065952,0.785962345979674
Winnipeg,North River Heights,5.236082019551724,3.1961515016399904
Winnipeg,St. Boniface Industrial Park,2.964389157000818,3.7311072157198786
Winnipeg,Transcona South,3.713914196998725,2.396001582274801
Winnipeg,Island Lakes,3.512946373154894,2.4905623458643293
Winnipeg,Fraipont,4.326757194698002,1.9663342923740823
Winnipeg,Logan-C.p.r.,6.158172293652778,3.7138804815659534
Winnipeg,Wilkes South,0.4421062866126801,1.4121435423382276
Winnipeg,Burrows-Keewatin,3.7604964107526087,2.412493934103192
Winnipeg,Ridgewood South,4.38543968600547,2.574086977178068
Winnipeg,Polo Park,7.848031572228703,5.23577544419388
Winnipeg,Central Park,13.650263093539937,11.521065208287046
Winnipeg,Dufferin,4.741516779200314,3.3142860473769953
Winnipeg,Bridgwater Forest,5.047810828461988,2.9865233704753193
Winnipeg,Betsworth,3.9240276860336403,2.3375826316124333
Winnipeg,Griffin,6.8514124863581785,3.7878241191908835
Winnipeg,Kirkfield,4.430539562043221,4.618654046220519
Winnipeg,Edgeland,7.6646490159662255,11.414347582587375
Winnipeg,Maybank,3.803612567117629,2.6021298306616854
Winnipeg,Varennes,4.4808133849849225,3.1418658004599025
Winnipeg,Windsor Park,3.409791749750893,2.347227970807737
Winnipeg,Holden,3.3713641714428073,2.1742527581982474
Winnipeg,Legislature,15.085054866673119,9.833995086346999
Winnipeg,South Point Douglas,6.625491095189319,4.594717405709293
Winnipeg,Civic Centre,10.41352475123688,8.449124234313725
Winnipeg,Robertson,2.981902028419309,2.0926828418739305
Winnipeg,Exchange District,16.57668001428663,10.609112636813904
Winnipeg,Maple Grove Park,3.701043057603901,2.4005474551933097
Winnipeg,Deer Lodge,4.761236315124842,3.7378619091253467
Winnipeg,Lavalee,4.683116908785673,3.487029533957416
Winnipeg,Central River Heights,3.9319735634564124,2.51288645872601
Winnipeg,Montcalm,7.800691588502101,6.877364192632743
Winnipeg,Meadows,3.9017411328865,2.4204957150429847
Winnipeg,China Town,10.36494310916458,8.640760686452923
Winnipeg,Old Tuxedo,5.61918160020245,3.426229093499813
Winnipeg,Chalmers,4.3211165735806745,3.07962528403488
Winnipeg,Beaumont,3.959504016345402,3.2343227299403146
Winnipeg,Buffalo,6.4025181934159905,2.581431185356792
Winnipeg,Varsity View,4.372610335055157,2.9531652426194785
Winnipeg,Richmond West,4.106613967276978,2.4079512913455465
Winnipeg,Whyte Ridge,4.049042021608305,2.223673969977643
Winnipeg,Linden Woods,4.52583287884424,2.5963013494856457
Winnipeg,Munroe East,3.4656440085293077,2.631292301760423
Winnipeg,Peguis,3.6575947383105287,2.8633955841923213
Winnipeg,Kildonan Crossing,5.855153916001986,2.5328415896485525
Winnipeg,Bridgwater Centre,0.09056243896484376,0.08292974937257422
Winnipeg,South Pointe,4.334712984425519,2.376950318736681
Winnipeg,Prairie Pointe,0.08048931507582076,0.12987830895345337
Winnipeg,Jameswood,2.943835619732972,2.0875618252170867
Winnipeg,Daniel Mcintyre,5.12408637647676,3.299758736828072
Winnipeg,Waverley Heights,3.661324134589346,2.214207173834088
Winnipeg,Colony,15.26015585615302,10.4320958738112
Winnipeg,Transcona Yards,6.737870102635988,5.505699636158432
Winnipeg,West Broadway,8.131577557768672,5.563767004788018
Winnipeg,Worthington,5.108019023155346,4.846976410157791
Winnipeg,Canterbury Park,3.935219177684351,2.1716394199758238
Winnipeg,Woodhaven,4.908194965257891,3.0645743194615074
Winnipeg,Vista,3.4974258423330347,2.2827416689082307
Winnipeg,Bruce Park,5.400694993746751,4.757560760869864
Winnipeg,Ebby-Wentworth,4.26591599044578,2.8137947071839813
Winnipeg,Dugald,4.022400105881084,3.473747019536046
Winnipeg,Mission Gardens,3.7252025215143583,2.2189282622674837
Winnipeg,Regent,6.474938887836297,2.9450464473180737
Winnipeg,Shaughnessy Park,3.409020548881206,2.2897695823713398
Winnipeg,Garden City,3.5702461161636316,2.5778865987811668
Winnipeg,Weston Shops,7.581629375087776,4.045698734995764
Winnipeg,University,10.613630177717585,9.716131728151895
Winnipeg,Parc La Salle,3.923639847877881,2.5198295819074943
Winnipeg,Kildare-Redonda,3.52868271660922,2.3283928945062824
Winnipeg,Sargent Park,4.311765195651914,2.9175971540804753
Winnipeg,Rivergrove,4.573617457631454,3.2238078515205153
Winnipeg,Murray Industrial Park,7.161119467511333,2.828567554607155
Winnipeg,Mathers,4.852059216095606,4.414528958284797
Winnipeg,Broadway-Assiniboine,18.054078812205685,18.62153584998102
Winnipeg,Kern Park,4.307464018815279,3.093265663005883
Winnipeg,Munroe West,3.9887268000242893,2.866452184798974
Winnipeg,Kildonan Drive,4.6606533578253515,4.517060343561118
Winnipeg,Normand Park,4.322115303190876,2.422304293582676
Winnipeg,Minto,4.915726447039783,3.4262416945377376
Winnipeg,Southland Park,0.09950625797164857,0.6254776074826305
Winnipeg,Southdale,3.627867329402381,2.310565878222656
Winnipeg,Sage Creek,2.7076328111295562,2.9867948965776288
Winnipeg,Norberry,4.207583249649912,2.8731799509398575
Winnipeg,Earl Grey,5.695826378249755,4.2380207123568
Winnipeg,Radisson,3.3997995032409545,2.1672885469490453
Winnipeg,St. Norbert,5.503775806653553,4.092258205265525
Winnipeg,Richmond Lakes,3.2946068896679748,1.9192786610468622
Winnipeg,Leila North,6.751068803706441,4.317502592781995
Winnipeg,Margaret Park,3.286716551596043,2.173969487650147
Winnipeg,Alpine Place,9.612579865961832,8.443324938535145
Winnipeg,Brockville,7.889411217316771,5.197045695032097
Winnipeg,South River Heights,3.928785048620819,2.477203442897684
Winnipeg,Grant Park,5.891769877622746,5.0906489720069645
Winnipeg,Niakwa Place,3.9628786863350833,2.6364939432454277
Winnipeg,Tuxedo,4.476589983069765,2.823735996726253
Winnipeg,Silver Heights,4.265387970636629,3.1558392440772516
Winnipeg,Westdale,3.9116034212876625,2.6090256148126745
Winnipeg,Lord Selkirk Park,5.812004217202297,4.3892734017390245
Winnipeg,Victoria Crescent,5.961045737318207,4.002722602456387
Winnipeg,Crescent Park,4.725549571904789,3.6473592875644893
Winnipeg,Pulberry,4.4225966861348684,3.584208075962726
Winnipeg,Mcmillan,7.096440110620664,3.9315441846879584
Winnipeg,Eric Coy,4.169080684583294,2.523196485144043
Winnipeg,Roslyn,19.445394106448237,19.542774322494296
Winnipeg,Centennial,6.539864161759187,5.465475874606789
Winnipeg,Marlton,4.852319817485292,2.8116212747060687
Winnipeg,Point Road,4.877161840099045,3.3523094636803226
Winnipeg,St. Vital Perimeter South,2.4947199746838167,2.6638090219670882
Winnipeg,William Whyte,4.75105052999836,3.2397377450329565
Winnipeg,Glendale,3.97668385526515,2.7097061018648634
Winnipeg,South Portage,19.206242920862117,17.62728376931634
Toronto,South Eglinton-Davisville,16.62873215034712,20.532502382935
Toronto,North Toronto,21.75045746110839,23.511978831132495
Toronto,Dovercourt Village,6.820021055196591,3.2212123206944256
Toronto,Junction-Wallace Emerson,7.266938776878503,5.256024606171451
Toronto,Yonge-Bay Corridor,43.1851022224489,49.1899296578605
Toronto,Bay-Cloverhill,26.72958343095911,31.018455292541624
Toronto,Bendale-Glen Andrew,6.7461093776084615,9.338185490433954
Toronto,Downsview,6.229228917044735,4.440049630628751
Toronto,Oakdale-Beverley Heights,6.888794710300324,7.475425199667203
Toronto,Avondale,14.345042102455194,21.89818213168886
Toronto,East Willowdale,7.170470094685761,5.814485472242994
Toronto,Yonge-Doris,27.271701508242533,28.249176689388992
Toronto,Fenside-Parkwoods,7.341231147186454,9.999222125846021
Toronto,Parkwoods-O'connor Hills,5.826387176483875,5.060772510914341
Toronto,East L'amoreaux,6.138111567423597,7.0115797550022645
Toronto,L'amoreaux West,6.28773589348768,7.3421216223242896
Toronto,Malvern East,5.954232018374486,5.825145167146844
Toronto,Malvern West,5.782695093117519,3.922460006445552
Toronto,Morningside Heights,5.948113864395317,2.693393930230611
Toronto,West Rouge,5.219939755660001,3.6386005460594166
Toronto,Woburn North,6.1922014269935906,9.302230751842972
Toronto,Golfdale-Cedarbrae-Woburn,4.724891708097234,4.73704894773678
Toronto,Guildwood,5.5446130508258715,5.1786965345420635
Toronto,Scarborough Village,7.185621892367518,8.12203263640952
Toronto,Eglinton East,6.059132848264498,7.327809516628097
Toronto,West Hill,5.452331326646849,4.904347606670099
Toronto,Morningside,5.5293834142024485,6.06363933601752
Toronto,Highland Creek,5.537008425482878,3.5013460030164785
Toronto,Centennial Scarborough,4.939776024153311,2.798387938649876
Toronto,Milliken,5.8892300739183865,4.267836527504402
Toronto,Agincourt North,5.692604306297294,4.393944067951344
Toronto,Agincourt South-Malvern West,6.307443335667301,6.706637527648526
Toronto,Dorset Park,5.818980620898365,5.2537528078462605
Toronto,Ionview,5.766990433004692,5.319249919942588
Toronto,Kennedy Park,5.393456309829262,6.38015766433913
Toronto,Cliffcrest,5.368361138320724,3.9041343938324276
Toronto,Birchcliffe-Cliffside,5.861978057512597,4.041705341247317
Toronto,Downtown Yonge East,23.356979847746008,22.858990292438634
Toronto,Church-Wellesley,23.220662489207747,27.12786891655237
Toronto,St Lawrence-East Bayfront-The Islands,22.2830690182337,27.674394128978097
Toronto,Harbourfront-Cityplace,36.8339739347865,41.50239361979213
Toronto,Wellington Place,24.500676430607886,30.038463525471254
Toronto,Fort York-Liberty Village,,
Toronto,West Queen West,11.440481904198892,11.517592406672264
Toronto,Humber Bay Shores,20.82509211720561,33.58559840414616
Toronto,Mimico-Queensway,6.621443175794926,5.233334502213365
Toronto,Etobicoke City Centre,7.167043349577153,8.476395615599216
Toronto,Islington,6.839550094483287,8.531967874685403
Toronto,Bendale South,4.086271445815235,3.1167414728574374
Toronto,Caledonia-Fairbank,5.341651870487027,2.7035644505536656
Toronto,Briar Hill-Belgravia,6.3686798478248985,7.384417761321115
Toronto,Oakwood Village,6.450297094149358,4.489328690297929
Toronto,Humewood-Cedarvale,7.795097041078649,4.992997168714827
Toronto,Lawrence Park North,7.150697168296026,3.3827298981108584
Toronto,Lawrence Park South,7.549295533157577,4.190725809729185
Toronto,Forest Hill North,8.65072320899596,6.413675153482655
Toronto,Forest Hill South,9.011740568391886,7.467783602944057
Toronto,Yonge-Eglinton,9.801912640050164,11.51268932158561
Toronto,Mount Pleasant East,7.873317375103495,5.152905058306562
Toronto,Rosedale-Moore Park,11.449766728273994,12.527412955137315
Toronto,Yonge-St.clair,13.207923657956666,12.856132483660803
Toronto,Casa Loma,10.319590358439978,7.698836427844135
Toronto,Annex,12.302823137048271,13.855967486656557
Toronto,Wychwood,8.198074437557214,5.68075178020036
Toronto,Corso Italia-Davenport,6.58344545395367,3.022880416388463
Toronto,Weston-Pelham Park,6.320486821011265,3.573084290414542
Toronto,Junction Area,7.336581526101786,3.6265951374795984
Toronto,Oakridge,7.274332964067299,10.125142025398075
Toronto,Clairlea-Birchmount,5.746138097804474,4.084415089934879
Toronto,Wexford/Maryvale,5.285994541651763,3.8900863167897706
Toronto,Tam O'shanter-Sullivan,5.956484711856641,7.323672860480883
Toronto,Steeles,6.180775165275791,6.253979859056949
Toronto,Mount Dennis,8.271074079249539,9.078933154533615
Toronto,Lambton Baby Point,7.831911168946592,4.868799058469478
Toronto,Weston,7.67938154775759,9.117957407537327
Toronto,Beechborough-Greenbrook,6.17075727043589,5.537658880037409
Toronto,Rockcliffe-Smythe,6.071554432936986,6.170551059191312
Toronto,Keelesdale-Eglinton West,5.784025304845083,4.080979387024745
Toronto,Palmerston-Little Italy,7.964124129610745,3.799323283722954
Toronto,University,12.938839630249507,10.36012691300823
Toronto,Kensington-Chinatown,14.485874862313144,16.73415130321101
Toronto,North St.james Town,23.525355169858543,26.055891974835898
Toronto,Moss Park,12.232671289352346,11.060329343176157
Toronto,Regent Park,12.307746010499482,13.540891760170474
Toronto,Cabbagetown-South St.james Town,10.044514080050101,8.692743238463843
Toronto,South Riverdale,8.524136820967522,6.385333955249341
Toronto,Blake-Jones,7.1265515351546105,4.346580176039713
Toronto,North Riverdale,8.532054500410652,6.555128251255527
Toronto,Playter Estates-Danforth,8.029558623960149,6.399464264078197
Toronto,Danforth,6.801455134187992,3.79514926461419
Toronto,Greenwood-Coxwell,7.1119948162635,3.7405562981008567
Toronto,Woodbine Corridor,7.664422754972126,4.319513211783718
Toronto,The Beaches,8.664416482670747,4.714256027306711
Toronto,East End-Danforth,7.302629680794144,5.377006415471122
Toronto,Taylor-Massey,10.28531324313707,15.791865027829605
Toronto,Woodbine-Lumsden,5.969038172694152,4.64128744510389
Toronto,Danforth East York,5.977355549187332,4.218084710722102
Toronto,Old East York,5.333340928683266,3.3073643658789496
Toronto,Runnymede-Bloor West Village,7.075104756707219,3.5299335835485164
Toronto,High Park North,10.364783985859544,10.939842722322238
Toronto,High Park-Swansea,8.809350481405012,8.388348807544665
Toronto,Roncesvalles,8.90650392560629,5.927744987240979
Toronto,South Parkdale,,
Toronto,Little Portugal,8.040027584182882,4.416577486283737
Toronto,Dufferin Grove,7.774475845380205,5.483184468216804
Toronto,Trinity-Bellwoods,7.370276358323777,3.7176712865340216
Toronto,Don Valley Village,7.08366470050163,8.94228496805762
Toronto,Pleasant View,5.221709241509747,4.9235244720875455
Toronto,Flemingdon Park,15.550636091770691,17.93961579465423
Toronto,Victoria Village,5.878186433919887,4.957315735107817
Toronto,Banbury-Don Mills,7.6613404826079945,8.038810036180921
Toronto,Bridle Path-Sunnybrook-York Mills,8.09580020514106,5.57531065185987
Toronto,St.andrew-Windfields,6.896799405204886,5.116685038781578
Toronto,Bedford Park-Nortown,7.47659952439015,4.563652572208053
Toronto,Lansing-Westgate,8.517739749183507,12.558631567513125
Toronto,Willowdale West,8.168411457267698,12.527245898845406
Toronto,Newtonbrook West,6.863731857752524,8.740756280942431
Toronto,Westminster-Branson,9.49022534283742,10.966872769430443
Toronto,Bathurst Manor,5.4901221289371795,4.892012621916447
Toronto,Clanton Park,5.973820046744934,4.712624553120609
Toronto,Englemount-Lawrence,6.98632946956042,6.116462938696012
Toronto,Yorkdale-Glen Park,6.251103971209765,5.434003546530405
Toronto,Brookhaven-Amesbury,6.236934636008769,6.716193154274536
Toronto,Maple Leaf,5.05433003450755,4.19778846685506
Toronto,Rustic,5.395739375849632,6.259627209876657
Toronto,York University Heights,6.811263155275752,5.458660238092808
Toronto,Glenfield-Jane Heights,5.4482927896730695,5.319098220959975
Toronto,Broadview North,8.200924493248413,8.61397446946013
Toronto,Leaside-Bennington,6.758066503313353,3.4412483358839676
Toronto,Thorncliffe Park,9.458641034076495,12.510761080782467
Toronto,O'connor-Parkview,5.864627961961711,4.918156294134426
Toronto,Henry Farm,11.825567394468376,15.451925381306852
Toronto,Bayview Village,7.60699019765775,9.793085780231467
Toronto,Newtonbrook East,6.375933884708162,6.5775116541115155
Toronto,Bayview Woods-Steeles,6.29731199686862,5.436647944270665
Toronto,Hillcrest Village,6.659024842922863,6.963983114077447
Toronto,Alderwood,5.538103889494283,3.083874061436442
Toronto,Long Branch,6.297363550691422,4.48245655994632
Toronto,New Toronto,7.473405186730211,5.284863238759467
Toronto,Stonegate-Queensway,5.83442118292249,3.703214248566544
Toronto,Kingsway South,7.889320643611549,5.591166436722172
Toronto,Etobicoke West Mall,7.46599472899593,10.27463418805217
Toronto,Markland Wood,6.365746412018462,7.040429658380549
Toronto,Eringate-Centennial-West Deane,5.048519316411215,5.04839269239541
Toronto,Princess-Rosethorn,5.492750850249591,3.8653569526001714
Toronto,Edenbridge-Humber Valley,7.11185044586035,6.568713702525329
Toronto,Humber Heights-Westmount,6.256907667200022,6.594785971067428
Toronto,Willowridge-Martingrove-Richview,5.2554841629632145,5.679807054645191
Toronto,Kingsview Village-The Westway,6.535290448464124,8.92416155219758
Toronto,Elms-Old Rexdale,5.564041279657373,6.380079467959911
Toronto,Rexdale-Kipling,4.800109672966497,3.4419947751016275
Toronto,Thistletown-Beaumond Heights,4.746914320106378,3.8577556255795318
Toronto,Mount Olive-Silverstone-Jamestown,6.6831656635752275,9.238209896551101
Toronto,West Humber-Clairville,6.27935535773045,4.378271408474959
Toronto,Black Creek,6.394652784070251,7.83109862842187
Toronto,Pelmo Park-Humberlea,5.405988748201362,3.724878541571276
Toronto,Humbermede,5.568935492673615,5.263488109905661
Toronto,Humber Summit,5.7662645680946225,3.0288030849120835
Ottawa,Old Barrhaven West,5.134849192618628,2.5268588105774534
Ottawa,Beacon Hill South - Cardinal Heights,5.590699753115474,5.201350634703071
Ottawa,Beaverbrook,5.484837582986272,3.5744109157839152
Ottawa,Bells Corners East,4.919719741340949,3.500342538051836
Ottawa,Bells Corners West,6.027850530727266,3.4821566226168503
Ottawa,Billings Bridge - Alta Vista,5.721344599492104,5.180544999611719
Ottawa,Hunt Club Upper -Blossom Park - Timbermill,5.127676059204086,2.6426785878361976
Ottawa,Borden Farm - Fisher Glen,4.922270295420671,3.3600008632759195
Ottawa,Braemar Park - Bel Air Heights - Copeland Park,4.655489479966785,3.991567297812153
Ottawa,Briar Green - Leslie Park,5.661916792975286,4.404204923061752
Ottawa,Carleton Heights - Rideauview,6.014770372991863,7.140812173665916
Ottawa,Carlington,5.37290205234169,3.866787069745958
Ottawa,Laurentian,6.10583252110003,5.023403872222872
Ottawa,Carlingwood West - Glabar Park - Mckellar Heights,6.272672689207846,7.154024331714622
Ottawa,Carson Grove - Carson Meadows,6.845255098560424,6.850491414382811
Ottawa,Centrepointe,6.2965108985774725,4.352784789994321
Ottawa,Centretown,14.991387178961583,18.40948276269868
Ottawa,Chapel Hill North,5.2717634960562165,2.4848760028782957
Ottawa,Skyline - Fisher Heights,4.663754974359434,3.235618952056151
Ottawa,Civic Hospital-Central Park,6.839271879006445,5.957179077209634
Ottawa,Cityview - Crestview - Meadowlands,4.875782655576072,3.5330941543482473
Ottawa,Emerald Woods - Sawmill Creek,5.868980970011301,6.249594673494899
Ottawa,Glebe - Dows Lake,7.929058270786785,5.599523001722472
Ottawa,Greenboro East,5.61937503645527,2.588866222941317
Ottawa,Hawthorne Meadows - Sheffield Glen,5.477428027150254,6.131558820564629
Ottawa,Hintonburg - Mechanicsville,7.234679568327553,6.6062284433051
Ottawa,Hunt Club - Ottawa Airport,7.221351420065005,5.271181358448047
Ottawa,Hunt Club East - Western Community,5.621721015091217,3.4747350929945897
Ottawa,Iris - Queensway Terrance South,5.313838075931971,4.816085391244194
Ottawa,Island Park - Wellington Village,7.734835897408556,9.0667455292038
Ottawa,Katimavik - Hazeldean,5.791527226124628,3.0043063220979898
Ottawa,Ledbury - Heron Gate - Ridgemont,6.170526646434105,6.3074721616605265
Ottawa,Lindenlea - New Edinburgh,0.15292661385673884,1.3063548753077678
Ottawa,Lowertown,0.0,0.0
Ottawa,Orl�ans Village - Chateauneuf,4.9508985071186915,2.3605146627138676
Ottawa,Overbrook - Mcarthur,2.565195721808898,4.94495903062923
Ottawa,Playfair Park - Lynda Park - Guildwood Estates,5.081191652587414,4.716597005605504
Ottawa,Qualicum - Redwood Park,5.959911002914519,4.699554534702117
Ottawa,Queenswood Heights,4.670928982598541,2.6134675091711497
Ottawa,Riverside Park,7.028587235367314,7.290168207920309
Ottawa,Sandy Hill,1.6001919778623241,4.69906384365793
Ottawa,Trend-Arlington,5.235448885943946,3.4829210542862006
Ottawa,South Keys - Greenboro West,5.781900445601736,4.829927466682988
Ottawa,Tanglewood,5.09218464066497,2.870072043779707
Ottawa,Vanier South,0.0,0.0
Ottawa,West Centretown,7.943475413906076,8.761098959897074
Ottawa,Westboro,7.079064456551212,7.212323696451026
Ottawa,Whitehaven - Queensway Terrace North,6.129533209972316,5.5745162310728675
Ottawa,Woodvale - Craig Henry - Manordale - Estates Of Arlington Woods,4.8500440721290765,2.917778343702162
Ottawa,Rockcliffe Park,0.04553434356917611,0.6061126969328
Ottawa,Wateridge Village,5.147862888065096,6.260522927933034
Ottawa,Vanier North,0.0,0.0
Ottawa,Convent Glen - Orl�ans Woods,5.174314155152792,2.8527348471083833
Ottawa,Hunt Club Park,5.138768619441322,2.424535986229536
Ottawa,East Industrial,6.779595621108843,4.5951742693806175
Ottawa,Elmvale - Canterbury,4.710357754243446,3.785047303929193
Ottawa,Merivale Gardens - Grenfell Glen - Pineglen - Country Place,5.679962938908539,3.7507521459618807
Ottawa,Rothwell Heights - Beacon Hill North,5.306048755080889,3.545909190872406
Ottawa,Chatelaine Village,5.008867410396037,3.5641176514425448
Ottawa,Glen Cairn - Kanata South Business Park,5.050496144336474,2.790101932623224
Ottawa,Kanata Lakes - Arcardia,5.8910835379485045,3.5261055422524485
Ottawa,Hunt Club Woods - Quintarra - Revelstoke,5.514862399158448,4.821787896437807
Ottawa,Bridlewood - Emerald Meadows,5.334383001729805,2.441833383274602
Ottawa,Portobello South,5.765402636575341,2.8647780671678027
Ottawa,Chapel Hill South,5.3747202831928975,2.666670352283255
Ottawa,Blackburn Hamlet,5.330501020196351,3.343123930827297
Ottawa,Rideau Crest - Davidson Heights,5.924224251176487,3.1308976263690265
Ottawa,Riverside South - Leitrim,5.33660014644158,2.5946190048243056
Ottawa,Crystal Bay - Lakeview Park,4.552279009548338,3.6257423752091413
Ottawa,Britannia Village,7.399750283189494,8.307524166676199
Ottawa,Byward Market,0.696302654118899,3.2129394471215362
Ottawa,Old Ottawa South,7.039558057571336,3.616082691152073
Ottawa,Old Ottawa East,7.739106634343873,7.261648039438472
Ottawa,Beechwood Cemetery,0.0,0.0
Ottawa,Lebreton Development,8.416637479606825,8.822996039645494
Ottawa,Notre-Dame Cemetery,0.0,0.0
Ottawa,Orl�ans Industrial,5.469887896073533,2.3214298022885287
Ottawa,Hunt Club South Industrial,5.980605763248382,3.2703223398404253
Ottawa,Stittsville,5.29032726828922,3.2495202285585214
Ottawa,Stonebridge - Half Moon Bay - Heart's Desire,5.621399189755679,2.6625981694054275
Ottawa,Richmond,4.434942797002079,2.8170164800769046
Ottawa,Fitzroy,4.290340830177705,3.331149288437509
Ottawa,Constance Bay,7.259004631972743,5.7248316595463935
Ottawa,Cumberland,2.7747108868441765,3.3459144413433806
Ottawa,Munster - Ashton,2.1815506099171618,2.8536178178160294
Ottawa,Marlborough,4.21610605843126,3.9764590578270282
Ottawa,Corkery,3.3682005124847167,2.9424077750501003
Ottawa,Kinburn,3.0421606095578713,3.2297907044904233
Ottawa,North Gower - Kars,4.343694330906839,3.2553868643602932
Ottawa,Manotick,4.755579909097894,3.0011236254201803
Ottawa,Osgoode - Vernon,4.312454466240645,2.8667820715272545
Ottawa,Metcalfe,4.1459141436653235,2.866100075966455
Ottawa,Edwards - Carlsbad Springs,4.091369620693964,2.9571702767409014
Ottawa,Greely,4.323335289740429,2.778392463073565
Ottawa,Vars,3.7603911716491503,2.95586679668863
Ottawa,Navan - Sarsfield,3.761848946364496,3.297238972585502
Ottawa,Dunrobin,4.624385072234992,3.1411592231515635
Ottawa,Carp,4.46731284348478,3.114076683694795
Ottawa,Bayshore - Belltown,6.987675320949805,6.469711088260823
Ottawa,Greenbelt,5.325904516285069,4.669836073155244
Ottawa,Pineview,5.290789862006161,3.8865658758809793
Ottawa,Brookside - Briarbrook - Morgan's Grant,6.437874308598733,4.636027963382253
Ottawa,Old Barrhaven East,5.5235467271782515,2.571225206025767
Ottawa,Findlay Creek,5.499537896652504,2.5766903079545966
Ottawa,Parkwood Hills - Stewart Farm,7.364079109061729,7.705654169259228
Ottawa,Fallingbrook,5.1656347724830045,2.340780752562461
Ottawa,Cardinal Creek,5.315803316836784,2.5170804255958603
Ottawa,Riverview,8.79825205565056,10.905561688019239
Ottawa,Manor Park,0.0,0.0
Ottawa,Chapman Mills,5.706343107764809,2.7925831934811916
Montreal,Lasalle,6.609659584332564,3.588914989011372
Montreal,Dollard-Des-Ormeaux,5.341610211000801,3.058903024378141
Montreal,C�te-Saint-Luc,7.299518239172709,7.066185026874041
Montreal,Villeray-Saint-Michel-Parc-Extension,7.341763380548263,4.060543567188507
Montreal,Rosemont-La Petite-Patrie,7.896709224512521,4.705413526353412
Montreal,Le Plateau-Mont-Royal,9.843366716851499,6.749854255987336
Montreal,Montr�al-Ouest,6.3071273220362,3.2015666307136352
Montreal,C�te-Des-Neiges-Notre-Dame-De-Gr�ce,9.03699123006997,6.504790736078943
Montreal,L'�le-Bizard-Sainte-Genevi�ve,4.762586144432406,3.2730308807648916
Montreal,Anjou,6.398254425857811,4.060961318408154
Montreal,Verdun,8.908460533935832,7.359266104660148
Montreal,Le Sud-Ouest,7.072483835639029,6.435983679212246
Montreal,Mercier-Hochelaga-Maisonneuve,7.909525344987905,5.884791494061562
Montreal,Montr�al-Est,8.677642033816943,5.326433573088463
Montreal,Lachine,7.1228263021176526,3.7199509799011117
Montreal,Saint-L�onard,4.903553854413329,4.3775738363597405
Montreal,Montr�al-Nord,2.616866571321995,4.1157357657750655
Montreal,Dorval,6.895226216990021,4.67424753092319
Montreal,Pierrefonds-Roxboro,4.969682085983997,3.6980973071511443
Montreal,Rivi�re-Des-Prairies-Pointe-Aux-Trembles,4.824539058275786,3.9500691039992035
Montreal,Ahuntsic-Cartierville,7.168595473833908,5.714153793673057
Montreal,Ville-Marie,13.727158314420794,19.346368824868488
Montreal,Kirkland,5.502288503850325,3.176577741940698
Montreal,Westmount,5.2280374288462745,6.233252382728397
Halifax,Sheet Harbour,4.3675025856210805,2.8889854947486016
Halifax,Beaver Bank,3.8781632617773623,2.748432227581478
Halifax,Fletchers Lake,3.824951051532987,2.6826277383200403
Halifax,Middle Sackville,4.220513326901484,2.789510583305651
Halifax,Fall River,4.52121069574298,3.030860723089362
Halifax,Hammonds Plains,5.059282922909883,3.004347618104196
Halifax,Bedford,6.506779953906465,3.8564897442058634
Halifax,Dartmouth,6.025170749298119,4.040026473212478
Halifax,Westphal,3.8968657146734866,2.6284149866978312
Halifax,Halifax,7.808045989531475,6.8076246833339225
Halifax,Timberlea,4.524079104635187,2.7326591945455543
Halifax,Cole Harbour,3.7469892733628516,2.50910111473295
Halifax,Cow Bay,2.8965672222282866,2.2042708737504153
Halifax,Shearwater,6.056897348966161,4.6796291849478955
Halifax,Beechville,6.722502091375262,3.198887357519297
Halifax,Eastern Passage,3.8856977697322312,2.9589219020132247
Halifax,Lakeside,4.028157568048549,2.636270230037588
Halifax,Herring Cove,4.7118889776996395,2.7483662592188267
Halifax,Cherry Brook,4.227065683691492,2.4906694235028746
Halifax,Lake Loon,4.359008620660283,2.754333737012078
Halifax,Upper Sackville,2.3018236559040948,2.6963516250729676
Halifax,Lower Sackville,4.736732027187795,3.070893107937269
